id,mac,qr_code,name,ip,token,status,resolution,fps,speaker_onoff,operate_time,remark,modify_time
1,,,,,EE76AEDA5E7BA8087C2FA4099FD3F840,1,0,0,0,2015/12/23 7:37,,2018/3/20 2:59
2,,,,,E7DFFEB407C6D03ECADA49B9E2F70480,1,0,0,0,2015/12/23 7:37,,2018/3/20 2:59
3,,,,,9F9FF41D3771B2E1737BDF70D77A6BDD,1,0,0,0,2015/12/23 7:37,,2018/3/20 2:59
4,,,,,E7822FB0C55E32026DA9D88B35F7C067,1,0,0,0,2015/12/23 7:37,,2018/3/20 2:59
5,,,,,200723BCEA3A4F4DDE938FBCA4305E1A,1,0,0,0,2015/12/23 7:37,,2018/3/20 2:59
6,,,,,FA6AAD99945AD572032F5628D9318387,1,0,0,0,2015/12/23 7:37,,2018/3/20 2:59
7,,,,,0D3F30FC1ACF18C3D56CC4D5EC8393A7,1,0,0,0,2015/12/23 7:37,,2018/3/20 2:59
8,,,,,A3E9241F3C59BC6C87BE28B2A940DDCE,1,0,0,0,2015/12/23 7:37,,2018/3/20 2:59
9,,,,,8E820197B3ED7F3E95090CAAC8DBB732,1,0,0,0,2015/12/23 7:37,,2018/3/20 2:59
10,,,,,272C310BD6E95623936615C3445ED942,1,0,0,0,2015/12/23 7:37,,2018/3/20 2:59
11,,,,,594DA6BA1A7214A5CA4145038D1D32D0,1,0,0,0,2015/12/23 7:37,,2018/3/20 2:59
12,,,,,F00450C2653AB7EE1A279AFC4CCDD187,1,0,0,0,2015/12/23 7:37,,2018/3/20 2:59
13,,,,,35417E4AE1508A9A13B425868AE3F57F,1,0,0,0,2015/12/23 7:37,,2018/3/20 2:59
14,,,,,F0293056F5F2AB3D2C13983294A480DC,1,0,0,0,2015/12/23 7:37,,2018/3/20 2:59
15,,,,,FC88EDC6D0C64B14DF005A68F1F8CA95,1,0,0,0,2015/12/23 7:37,,2018/3/20 2:59
16,,,,,AC874476F67488E93C336D77E0A4A979,1,0,0,0,2015/12/23 7:37,,2018/3/20 2:59
17,,,,,31D3E3BFB920196D548AFE0DA1125327,1,0,0,0,2015/12/23 7:37,,2018/3/20 2:59
18,,,,,F917EA3C94F0972036F02D9658CED663,1,0,0,0,2015/12/23 7:37,,2018/3/20 2:59
19,,,,,23717F59424B8AB2729C9B5EBB39B119,1,0,0,0,2015/12/23 7:37,,2018/3/20 2:59
20,,,,,D6A24915ABBF63009310396F7F0550D9,1,0,0,0,2015/12/23 7:37,,2018/3/20 2:59
21,,,,,99367788ABF25A9CAC7F1D64F0684F33,1,0,0,0,2015/12/23 7:37,,2018/3/20 2:59
22,,,,,6196FE6F4833EC9159D2939DFB1AB05E,1,0,0,0,2015/12/23 7:37,,2018/3/20 2:59
23,,,,,39A982BEEA27EDBA268D4AA9E01D90C6,1,0,0,0,2015/12/23 7:37,,2018/3/20 2:59
24,,,,,5120F2F9B62E8BED8C177C1391C49DE3,1,0,0,0,2015/12/23 7:37,,2018/3/20 2:59
25,,,,,D680B267311937F61619CCF3E0F93C7E,1,0,0,0,2015/12/23 7:37,,2018/3/20 2:59
26,,,,,E8608A329BC117E87AED901CEF64E28D,1,0,0,0,2015/12/23 7:37,,2018/3/20 2:59
27,,,,,4989133390FB1E38930AA11D97FAB0ED,1,0,0,0,2015/12/23 7:37,,2018/3/20 2:59
28,,,,,B911F56B996CFD1174C354EB52665F50,1,0,0,0,2015/12/23 7:37,,2018/3/20 2:59
29,,,,,C2E049E03E0D912C79A8F15542F6DBD1,1,0,0,0,2015/12/23 7:37,,2018/3/20 2:59
30,,,,,A4F2B3E7E9E1914E35E888A307EB61F0,1,0,0,0,2015/12/23 7:37,,2018/3/20 2:59
31,,,,,EC482319CDA5B3A226D23AF549178DB0,1,0,0,0,2015/12/23 7:37,,2018/3/20 2:59
32,,,,,2079E4F7DAE8B4462B48C829A15157DD,1,0,0,0,2015/12/23 7:37,,2018/3/20 2:59
33,,,,,AA67D4F8967AD76889E6B1AE0236513C,1,0,0,0,2015/12/23 7:37,,2018/3/20 2:59
34,,,,,2D453DB9CB031602584D48865990E7EF,1,0,0,0,2015/12/23 7:37,,2018/3/20 2:59
35,,,,,CA7971B14F9FFAC74424AA56D02E06DF,1,0,0,0,2015/12/23 7:37,,2018/3/20 2:59
36,,,,,061BEB2C697E54FE06904B5B3908AA9B,1,0,0,0,2015/12/23 7:37,,2018/3/20 2:59
37,,,,,AE0EBAD415B026B306A2545FBA016F6A,1,0,0,0,2015/12/23 7:37,,2018/3/20 2:59
38,,,,,ABB2F47FC9512347BCED6B67EB48DC0F,1,0,0,0,2015/12/23 7:37,,2018/3/20 2:59
39,,,,,8A945D8B32C050D856988A0BE4F0B621,1,0,0,0,2015/12/23 7:37,,2018/3/20 2:59
40,,,,,FC1E30D341FF650B04C60FD11E0698BF,1,0,0,0,2015/12/23 7:37,,2018/3/20 2:59
41,,,,,EC63D2310405486622A699A2F1C1FE64,1,0,0,0,2015/12/23 7:37,,2018/3/20 2:59
42,,,,,2932A8BBFEAF877522BD02410496BFE8,1,0,0,0,2015/12/23 7:37,,2018/3/20 2:59
43,,,,,7E6FC580844C9B956C0D8A53F7D0D3E4,1,0,0,0,2015/12/23 7:37,,2018/3/20 2:59
44,,,,,9D952D19A5469B090F4302AED10AF1C9,1,0,0,0,2015/12/23 7:37,,2018/3/20 2:59
45,,,,,A4B5A24B26206E11D433E6CAB4ABE0F5,1,0,0,0,2015/12/23 7:37,,2018/3/20 2:59
46,,,,,A36CF57FFE9B9E0845B49A3DF3780A85,1,0,0,0,2015/12/23 7:37,,2018/3/20 2:59
47,,,,,CBDCC29BE65C0D200E605D34703ACCF1,1,0,0,0,2015/12/23 7:37,,2018/3/20 2:59
48,,,,,1A3F15E819D15E35799F2E6560EEE9E8,1,0,0,0,2015/12/23 7:37,,2018/3/20 2:59
49,,,,,582A7E453BF5ECC2957D094A7E294B3C,1,0,0,0,2015/12/23 7:37,,2018/3/20 2:59
50,,,,,D0638E48EDB54302FCF77313F16C410C,1,0,0,0,2015/12/23 7:37,,2018/3/20 2:59
51,,,,,5F1B4D6F88973D4EB262ED3518DC2478,1,0,0,0,2015/12/23 7:37,,2018/3/20 2:59
52,,,,,632C8F01ECA2DF37FD0B7EF20D39CBF4,1,0,0,0,2015/12/23 7:37,,2018/3/20 2:59
53,,,,,581D3116D4776DB5B7EB1E35A3CAB81D,1,0,0,0,2015/12/23 7:37,,2018/3/20 2:59
54,,,,,87CAD3F7FE7B8FE0DF414016A2E0EB92,1,0,0,0,2015/12/23 7:37,,2018/3/20 2:59
55,,,,,846048F5A93EFF32FBF3B481F975C327,1,0,0,0,2015/12/23 7:37,,2018/3/20 2:59
56,,,,,3B17B1FAC267DF3A527688393B15B69E,1,0,0,0,2015/12/23 7:37,,2018/3/20 2:59
57,,,,,3B55623F2770F35069CC539843562806,1,0,0,0,2015/12/23 7:37,,2018/3/20 2:59
58,,,,,72262DD23C9775CE281F270322A803C4,1,0,0,0,2015/12/23 7:37,,2018/3/20 2:59
59,,,,,78C04198A67E92CEAF3E656FD45A9929,1,0,0,0,2015/12/23 7:37,,2018/3/20 2:59
60,,,,,C3F6D418D5A979602B2154F928B8AF90,1,0,0,0,2015/12/23 7:37,,2018/3/20 2:59
61,,,,,70DC880C1A094036DE1313AF8FA83345,1,0,0,0,2015/12/23 7:37,,2018/3/20 2:59
62,,,,,B17D7D8B9DE76980E60A3EA7BB4F712B,1,0,0,0,2015/12/23 7:37,,2018/3/20 2:59
63,,,,,D54034CC10C56EA0F55F5716FE81BFA3,1,0,0,0,2015/12/23 7:37,,2018/3/20 2:59
64,,,,,DB16595F17262A6C7103D059B712F2E6,1,0,0,0,2015/12/23 7:37,,2018/3/20 2:59
65,,,,,572182150DE27B78D35787366860B851,1,0,0,0,2015/12/23 7:37,,2018/3/20 2:59
66,,,,,E2C87EA71E4CC3209803D9C473DAE768,1,0,0,0,2015/12/23 7:37,,2018/3/20 2:59
67,,,,,7D6079B3664CF008CBF039AFCC1153C5,1,0,0,0,2015/12/23 7:37,,2018/3/20 2:59
68,,,,,7B4A6B8C48FE9F5D30FA22E384EC711D,1,0,0,0,2015/12/23 7:37,,2018/3/20 2:59
69,,,,,0E65ED8B7C86B01A0872AFDBCA988375,1,0,0,0,2015/12/23 7:37,,2018/3/20 2:59
70,,,,,8BC11392DB061C34569EC3495C52EFF0,1,0,0,0,2015/12/23 7:37,,2018/3/20 2:59
71,,,,,A10EC5B34ADF4796EBCF5F73016B65D4,1,0,0,0,2015/12/23 7:37,,2018/3/20 2:59
72,,,,,94A08D7801E0835CF2A9E5707073853D,1,0,0,0,2015/12/23 7:37,,2018/3/20 2:59
73,,,,,8746704A4A9542C5630F12ACA7D9F8AD,1,0,0,0,2015/12/23 7:37,,2018/3/20 2:59
74,,,,,62582A5A35F58A3D29FF6BFE9CC9E49D,1,0,0,0,2015/12/23 7:37,,2018/3/20 2:59
75,,,,,5B86C6DBA24567586A3B72E571FAF859,1,0,0,0,2015/12/23 7:37,,2018/3/20 2:59
76,,,,,504101EC5C207A56678F0D1D8C38E648,1,0,0,0,2015/12/23 7:37,,2018/3/20 2:59
77,,,,,A68B3BA5BA720B78CF13FD8F30785030,1,0,0,0,2015/12/23 7:37,,2018/3/20 2:59
78,,,,,704E95BD3FF647E9B8929F3A3CFD292D,1,0,0,0,2015/12/23 7:37,,2018/3/20 2:59
79,,,,,7F7AF13940A8D404C8687565CB94C602,1,0,0,0,2015/12/23 7:37,,2018/3/20 2:59
80,,,,,E308EFFF0ABCF6EDCDDE9043E5A3FA9F,1,0,0,0,2015/12/23 7:37,,2018/3/20 2:59
81,,,,,699D95C8C959505C95C4D88C6778B270,1,0,0,0,2015/12/23 7:37,,2018/3/20 2:59
82,,,,,9EDD7186CCECA49A48A9D9D005B99719,1,0,0,0,2015/12/23 7:37,,2018/3/20 2:59
83,,,,,5513213F341124DBD65A4DE810702BBD,1,0,0,0,2015/12/23 7:37,,2018/3/20 2:59
84,,,,,D8431117E28A069570FB7D3A8187DEF3,1,0,0,0,2015/12/23 7:37,,2018/3/20 2:59
85,,,,,870635724B1E2C338F4EF24353468039,1,0,0,0,2015/12/23 7:37,,2018/3/20 2:59
86,,,,,E8638234F0D6673C86C579BCB406AA87,1,0,0,0,2015/12/23 7:37,,2018/3/20 2:59
87,,,,,5D79DF31E4553BB8332C1C0672998B08,1,0,0,0,2015/12/23 7:37,,2018/3/20 2:59
88,,,,,DD185D20B3D2CFC9ABB41D82471A7D94,1,0,0,0,2015/12/23 7:37,,2018/3/20 2:59
89,,,,,8212EE4616C7CF69C594C23D1FC7B2AB,1,0,0,0,2015/12/23 7:37,,2018/3/20 2:59
90,,,,,5119D5311EB8661DD0016B6166CBF5FE,1,0,0,0,2015/12/23 7:37,,2018/3/20 2:59
91,,,,,0B352EB2A972EAF8BDB7381CA3BB0917,1,0,0,0,2015/12/23 7:37,,2018/3/20 2:59
92,,,,,FDADF9633DAC88C7B92355F555E9908C,1,0,0,0,2015/12/23 7:37,,2018/3/20 2:59
93,,,,,E691DE59C205BE1D9D898AA6E496ADA0,1,0,0,0,2015/12/23 7:37,,2018/3/20 2:59
94,,,,,39EED3427B30102E9663409AE9C71F15,1,0,0,0,2015/12/23 7:37,,2018/3/20 2:59
95,,,,,5C7D0D31F660F0F0C13304E41884A242,1,0,0,0,2015/12/23 7:37,,2018/3/20 2:59
96,,,,,9D25DF921F1B92B943CF43AC176F8CD1,1,0,0,0,2015/12/23 7:37,,2018/3/20 2:59
97,,,,,2A6BEF61038F9FD337B8DBC701ED4206,1,0,0,0,2015/12/23 7:37,,2018/3/20 2:59
98,,,,,533F60E810927A23A68A28D187C32E52,1,0,0,0,2015/12/23 7:37,,2018/3/20 2:59
99,,,,,1E38BCE0551593E2EA1A390671816705,1,0,0,0,2015/12/23 7:37,,2018/3/20 2:59
100,,,,,2AA17ACBE03F5EBCBF8C2A081B324253,1,0,0,0,2015/12/23 7:37,,2018/3/20 2:59
101,,,,,EC868D8E4AEB84F285F1214F96DAB8AD,1,0,0,0,2015/12/23 7:37,,2018/3/20 2:59
102,,,,,BEB7541429830AB912BE6930A48F594E,1,0,0,0,2015/12/23 7:37,,2018/3/20 2:59
103,,,,,568BD137E725ED7A7F3F1A4A953FAD27,1,0,0,0,2015/12/23 7:37,,2018/3/20 2:59
104,,,,,223850D1C7BAE11179694D845AFDE811,1,0,0,0,2015/12/23 7:37,,2018/3/20 2:59
105,,,,,B3611409C9B56A9429FFF6C6D836BB01,1,0,0,0,2015/12/23 7:37,,2018/3/20 2:59
106,,,,,7E31E068920FC52ED1FC4087CA6C2AE2,1,0,0,0,2015/12/23 7:37,,2018/3/20 2:59
107,,,,,3066FC9FB8F59F60BB720166AE015736,1,0,0,0,2015/12/23 7:37,,2018/3/20 2:59
108,,,,,9AADAF51B9EB0692298A5BEE30C7CAE0,1,0,0,0,2015/12/23 7:37,,2018/3/20 2:59
109,,,,,921519239404696F5D450FF75F42BE1F,1,0,0,0,2015/12/23 7:37,,2018/3/20 2:59
110,,,,,F99C208359070693D07BC3ABDC704BF5,1,0,0,0,2015/12/23 7:37,,2018/3/20 2:59
111,,,,,9B4D023E90534AF509908C3831900B19,1,0,0,0,2015/12/23 7:37,,2018/3/20 2:59
112,,,,,3FA2FFBB689971A9504D6D1523271FFE,1,0,0,0,2015/12/23 7:37,,2018/3/20 2:59
113,,,,,A6011EDB68B16A407AA96E11E28AE4B5,1,0,0,0,2015/12/23 7:37,,2018/3/20 2:59
114,,,,,CBE5CCA5C58F237C33B84352FC3D0035,1,0,0,0,2015/12/23 7:37,,2018/3/20 2:59
115,,,,,E5E57763713A165B8B5E58204789B19A,1,0,0,0,2015/12/23 7:37,,2018/3/20 2:59
116,,,,,072CF596D424B285C8F96D9E7656B3E9,1,0,0,0,2015/12/23 7:37,,2018/3/20 2:59
117,,,,,2DFC3BF1DFBABECB43C68A6D6567F4D1,1,0,0,0,2015/12/23 7:37,,2018/3/20 2:59
118,,,,,81619ED60694FF7F3224F91780A4DBB4,1,0,0,0,2015/12/23 7:37,,2018/3/20 2:59
119,,,,,305CFE45A18AD6A02F6E0F73A812DBA0,1,0,0,0,2015/12/23 7:37,,2018/3/20 2:59
120,,,,,6BA083C0DE62404B5C788F768C2B777A,1,0,0,0,2015/12/23 7:37,,2018/3/20 2:59
121,,,,,A1324627CA4A70FE894D47C5A42CF527,1,0,0,0,2015/12/23 7:37,,2018/3/20 2:59
122,,,,,9D8CD8B8AA4AAFD99709489C1E7C3087,1,0,0,0,2015/12/23 7:37,,2018/3/20 2:59
123,,,,,FEF6EE66B04C63235266AEA2CF80C67B,1,0,0,0,2015/12/23 7:37,,2018/3/20 2:59
124,,,,,115A7CE945B12CBD751AF89490E13C62,1,0,0,0,2015/12/23 7:37,,2018/3/20 2:59
125,,,,,8404B016169E75071DD585CAD1B2810C,1,0,0,0,2015/12/23 7:37,,2018/3/20 2:59
126,,,,,C9D4C367B8740C6025522EAF10ECD06E,1,0,0,0,2015/12/23 7:37,,2018/3/20 2:59
127,,,,,4D17432F873DB189AA01BF52C861F487,1,0,0,0,2015/12/23 7:37,,2018/3/20 2:59
128,,,,,A2C67694E6132B7FAF722974FC3FF16D,1,0,0,0,2015/12/23 7:37,,2018/3/20 2:59
129,,,,,687166E4757673226F33F2F2AEDCF1B1,1,0,0,0,2015/12/23 7:37,,2018/3/20 2:59
130,,,,,980F2FD91A7F5C583C270B14C31513F3,1,0,0,0,2015/12/23 7:37,,2018/3/20 2:59
131,,,,,D0549C4CE149C150883374BC2B6A5C2A,1,0,0,0,2015/12/23 7:37,,2018/3/20 2:59
132,,,,,C979DB311CA600CB94923568EDEA4381,1,0,0,0,2015/12/23 7:37,,2018/3/20 2:59
133,,,,,12EB6761C779F2D4C1CB8352E38B3255,1,0,0,0,2015/12/23 7:37,,2018/3/20 2:59
134,,,,,33C1C9441B6CD7857A1D1AA9981A475B,1,0,0,0,2015/12/23 7:37,,2018/3/20 2:59
135,,,,,5E702E4D31303DA27BF25D8BDDB88950,1,0,0,0,2015/12/23 7:37,,2018/3/20 2:59
136,,,,,452C0178C9FA215D14D63E47115CFF0C,1,0,0,0,2015/12/23 7:37,,2018/3/20 2:59
137,,,,,1FD2622719E0ADF222B23216BD97C9B9,1,0,0,0,2015/12/23 7:37,,2018/3/20 2:59
138,,,,,5952E9BDE49FE00A810FFB38730EA356,1,0,0,0,2015/12/23 7:37,,2018/3/20 2:59
139,,,,,B40C782356799E5C50B59022F7FD5C0A,1,0,0,0,2015/12/23 7:37,,2018/3/20 2:59
140,,,,,83F2DEDF84EDFBC52ABB57A6776B4B8F,1,0,0,0,2015/12/23 7:37,,2018/3/20 2:59
141,,,,,803386028E90F3344CB6BB90870FF038,1,0,0,0,2015/12/23 7:37,,2018/3/20 2:59
142,,,,,9564C1B680C0A33E1BCF27A07355267F,1,0,0,0,2015/12/23 7:37,,2018/3/20 2:59
143,,,,,F8064AB9AD2824B7DA1CD155A37E696A,1,0,0,0,2015/12/23 7:37,,2018/3/20 2:59
144,,,,,967FE8CCD56B33DF38C53842C85D670F,1,0,0,0,2015/12/23 7:37,,2018/3/20 2:59
145,,,,,288B1B28A202E82762EA7A13248FD0EE,1,0,0,0,2015/12/23 7:37,,2018/3/20 2:59
146,,,,,A16E3596F163ADD57FB75A33E04346E2,1,0,0,0,2015/12/23 7:37,,2018/3/20 2:59
147,,,,,2BD3FBA54A0088A437A5D869D1889ED4,1,0,0,0,2015/12/23 7:37,,2018/3/20 2:59
148,,,,,35A23135A82DFCA62F6F578A7EF8D0FC,1,0,0,0,2015/12/23 7:37,,2018/3/20 2:59
149,,,,,356B6492F2017B8B68CFD712BD9AF0C6,1,0,0,0,2015/12/23 7:37,,2018/3/20 2:59
150,,,,,2D21E45358D1C6D34AE1BD482E6CAAC2,1,0,0,0,2015/12/23 7:37,,2018/3/20 2:59
151,,,,,15A414C7273C971FF4CF4AD01B117F92,1,0,0,0,2015/12/23 7:37,,2018/3/20 2:59
152,,,,,84748351585F64067CEABD383E11D1AC,1,0,0,0,2015/12/23 7:37,,2018/3/20 2:59
153,,,,,5641F5DE143AAFDFE15984B778A2DD36,1,0,0,0,2015/12/23 7:37,,2018/3/20 2:59
154,,,,,E42BB617EF19195B44E971D336121F22,1,0,0,0,2015/12/23 7:37,,2018/3/20 2:59
155,,,,,411CBDBFC57E2B7D6046DCDBB473FB0C,1,0,0,0,2015/12/23 7:37,,2018/3/20 2:59
156,,,,,650D15E80DA20A19BE365D4A1C727518,1,0,0,0,2015/12/23 7:37,,2018/3/20 2:59
157,,,,,1BD5E6BCED229BA5BB92183C055C863B,1,0,0,0,2015/12/23 7:37,,2018/3/20 2:59
158,,,,,86BDE1AA2D88AB5F7D1E0479583B4A9D,1,0,0,0,2015/12/23 7:37,,2018/3/20 2:59
159,,,,,FD160EA22CF00A0248D6DF0708BE03AA,1,0,0,0,2015/12/23 7:37,,2018/3/20 2:59
160,,,,,9DB5C515418EC1DF687A820705B38F0F,1,0,0,0,2015/12/23 7:37,,2018/3/20 2:59
161,,,,,497B31090E665081C696C4BD35B775C1,1,0,0,0,2015/12/23 7:37,,2018/3/20 2:59
162,,,,,BE2BFA20BE50E6C36348F7E82CA22E24,1,0,0,0,2015/12/23 7:37,,2018/3/20 2:59
163,,,,,7B6F8CBA7F2973DD688EF16C776B7910,1,0,0,0,2015/12/23 7:37,,2018/3/20 2:59
164,,,,,600BB41833C83447A8065D661E130613,1,0,0,0,2015/12/23 7:37,,2018/3/20 2:59
165,,,,,7BF19FB328A248A1CA757F9035C84EAD,1,0,0,0,2015/12/23 7:37,,2018/3/20 2:59
166,,,,,F312405FD46462AF291C7D58449F5863,1,0,0,0,2015/12/23 7:37,,2018/3/20 2:59
167,,,,,BF1546F591ADB4F09CBA5A84D864C01B,1,0,0,0,2015/12/23 7:37,,2018/3/20 2:59
168,,,,,A3B48E10B3DC52DE95053C038C10FD3C,1,0,0,0,2015/12/23 7:37,,2018/3/20 2:59
169,,,,,ABA7F76AC9F18B0E89CBCF3C6A1A279F,1,0,0,0,2015/12/23 7:37,,2018/3/20 2:59
170,,,,,BD4F3D8CC86303C837870EE240A0C309,1,0,0,0,2015/12/23 7:37,,2018/3/20 2:59
171,,,,,6DF1E0D61DD2FBB52E1A1E859D6AE30F,1,0,0,0,2015/12/23 7:37,,2018/3/20 2:59
172,,,,,A868723506FE862109B79E2AC1073758,1,0,0,0,2015/12/23 7:37,,2018/3/20 2:59
173,,,,,169122E7F0560832EE1DE024BF75BCB0,1,0,0,0,2015/12/23 7:37,,2018/3/20 2:59
174,,,,,2AC42B9267738319F23C9042A1D1BC55,1,0,0,0,2015/12/23 7:37,,2018/3/20 2:59
175,,,,,2783FC85A3FEBD0FE68536C8323C7798,1,0,0,0,2015/12/23 7:37,,2018/3/20 2:59
176,,,,,324F888A221731A5FDB813E4FB614762,1,0,0,0,2015/12/23 7:37,,2018/3/20 2:59
177,,,,,E225D5AB001BAECA1593B581C5ADAAC9,1,0,0,0,2015/12/23 7:37,,2018/3/20 2:59
178,,,,,ED1E4B09A132F059A63C3A8E34BF6F9C,1,0,0,0,2015/12/23 7:37,,2018/3/20 2:59
179,,,,,A500568E68AAB16530AA35C3D7756C4F,1,0,0,0,2015/12/23 7:37,,2018/3/20 2:59
180,,,,,CD8C4C01181D35FBABB70C88432BCA2B,1,0,0,0,2015/12/23 7:37,,2018/3/20 2:59
181,,,,,BF598FF9A335045004423E4A8C088878,1,0,0,0,2015/12/23 7:37,,2018/3/20 2:59
182,,,,,A77DD15F55F1792FD88B48DD77960F80,1,0,0,0,2015/12/23 7:37,,2018/3/20 2:59
183,,,,,07222D39E5180540F853E687DD092CA0,1,0,0,0,2015/12/23 7:37,,2018/3/20 2:59
184,,,,,8B7D1C9D2511AA98CDA6E4FB6070DD13,1,0,0,0,2015/12/23 7:37,,2018/3/20 2:59
185,,,,,B8E5EA468E8D7A2DBD6EAFD99CCDF94C,1,0,0,0,2015/12/23 7:37,,2018/3/20 2:59
186,,,,,14738B41A04398B7634CAE1E5CD9CEE4,1,0,0,0,2015/12/23 7:37,,2018/3/20 2:59
187,,,,,0B81C873A6C5AD3ADFE320DD73DADD1B,1,0,0,0,2015/12/23 7:37,,2018/3/20 2:59
188,,,,,49E5DB9160881B6AE268E3CEFAE7A1F8,1,0,0,0,2015/12/23 7:37,,2018/3/20 2:59
189,,,,,D6A47B81494BB2E12C8E413ADCC6D87B,1,0,0,0,2015/12/23 7:37,,2018/3/20 2:59
190,,,,,4122A0DD38BDB6DD342F80B14180433D,1,0,0,0,2015/12/23 7:37,,2018/3/20 2:59
191,,,,,42765A1CAA60D955DC6C9953CB100B37,1,0,0,0,2015/12/23 7:37,,2018/3/20 2:59
192,,,,,428A304C82F51EA3D75EDEAF4ABDC96C,1,0,0,0,2015/12/23 7:37,,2018/3/20 2:59
193,,,,,CA02FF69540714709B56BCF3BA1AA5F6,1,0,0,0,2015/12/23 7:37,,2018/3/20 2:59
194,,,,,99D90DE8E4AA50FC0230B32D1265E992,1,0,0,0,2015/12/23 7:37,,2018/3/20 2:59
195,,,,,28C334391833CE8B8E09B19EC15FAAC6,1,0,0,0,2015/12/23 7:37,,2018/3/20 2:59
196,,,,,5329550A079C00B033B63BD0DF5D70B7,1,0,0,0,2015/12/23 7:37,,2018/3/20 2:59
197,,,,,568249252BD2DA3D2D5B81333B9BC8C9,1,0,0,0,2015/12/23 7:37,,2018/3/20 2:59
198,,,,,52192884118C1A4816E3C5AA1DA39413,1,0,0,0,2015/12/23 7:37,,2018/3/20 2:59
199,,,,,6099D7B0B0A131E27DD2DC55277F752A,1,0,0,0,2015/12/23 7:37,,2018/3/20 2:59
200,,,,,DA817AE3DC6FC633ACAE448D78EDF9A3,1,0,0,0,2015/12/23 7:37,,2018/3/20 2:59
201,,,,,87DB46E90ECF34F46E73FAE29399A9BA,1,0,0,0,2015/12/23 7:37,,2018/3/20 2:59
202,,,,,E1EAECB72C9958B326DC9159CEA1B90C,1,0,0,0,2015/12/23 7:37,,2018/3/20 2:59
203,,,,,2D52C859A572B52B3A05727E911EDCAA,1,0,0,0,2015/12/23 7:37,,2018/3/20 2:59
204,,,,,D641FD65E1FED0A20B3F4646013AE05E,1,0,0,0,2015/12/23 7:37,,2018/3/20 2:59
205,,,,,B4A06026EF253FDBE4B2D9C0FED6864C,1,0,0,0,2015/12/23 7:37,,2018/3/20 2:59
206,,,,,0E4E56E6292EA4F6530B3A56468F9CDA,1,0,0,0,2015/12/23 7:37,,2018/3/20 2:59
207,,,,,8FB52BCE7AF97F6705E172591B394532,1,0,0,0,2015/12/23 7:37,,2018/3/20 2:59
208,,,,,3749DF9669152709CCE69E8F94397588,1,0,0,0,2015/12/23 7:37,,2018/3/20 2:59
209,,,,,72D793D16EC9E6CC857164FC0EB1C67E,1,0,0,0,2015/12/23 7:37,,2018/3/20 2:59
210,,,,,DB554D4BDBABA54BCFFCC9D01D8D15A8,1,0,0,0,2015/12/23 7:37,,2018/3/20 2:59
211,,,,,196B6496F819F1C5E55C979AFDFFA7FC,1,0,0,0,2015/12/23 7:37,,2018/3/20 2:59
212,,,,,AB234D6A1D5E05EDCDC73447F09C774D,1,0,0,0,2015/12/23 7:37,,2018/3/20 2:59
213,,,,,92C2B7FE78C2671B56E7F6E28182E7B6,1,0,0,0,2015/12/23 7:37,,2018/3/20 2:59
214,,,,,13D6E1BC7845F49AEDF048577DE111DC,1,0,0,0,2015/12/23 7:37,,2018/3/20 2:59
215,,,,,7F6872F28C779EF0562BEBFDC11BEDD2,1,0,0,0,2015/12/23 7:37,,2018/3/20 2:59
216,,,,,C2DAAD472F1AFC739C1C08BE9867D964,1,0,0,0,2015/12/23 7:37,,2018/3/20 2:59
217,,,,,CC40E8CF475498B0A9A3A0442BB088E6,1,0,0,0,2015/12/23 7:37,,2018/3/20 2:59
218,,,,,6A2A30F2BA868212C42F3033D7234E84,1,0,0,0,2015/12/23 7:37,,2018/3/20 2:59
219,,,,,D586D14BEFC04520DC83BF884945991D,1,0,0,0,2015/12/23 7:37,,2018/3/20 2:59
220,,,,,001A57073FA4D36D62E7DDCC6A6F4CF1,1,0,0,0,2015/12/23 7:37,,2018/3/20 2:59
221,,,,,1B27502F5C82F61072DF6214CB61F183,1,0,0,0,2015/12/23 7:37,,2018/3/20 2:59
222,,,,,8325ECCE8D9CC4A6D09AB2B30B7D960F,1,0,0,0,2015/12/23 7:37,,2018/3/20 2:59
223,,,,,9F16C906F4EF086BBDF12790A2AF4208,1,0,0,0,2015/12/23 7:37,,2018/3/20 2:59
224,,,,,6AD1D4C470A28DE62E27141719A4CA04,1,0,0,0,2015/12/23 7:37,,2018/3/20 2:59
225,,,,,FAE77E2DE030AF1F9BF26B73C22390A7,1,0,0,0,2015/12/23 7:37,,2018/3/20 2:59
226,,,,,B82F07C6755CD9F577CAF9F379ABDF46,1,0,0,0,2015/12/23 7:37,,2018/3/20 2:59
227,,,,,3465BF50630F14723BBC5DB98758FA0A,1,0,0,0,2015/12/23 7:37,,2018/3/20 2:59
228,,,,,2CAC35158A9BA3DEA49BBF1BAA331826,1,0,0,0,2015/12/23 7:37,,2018/3/20 2:59
229,,,,,24CCC7225E115EFA1C0A48068D2BB54F,1,0,0,0,2015/12/23 7:37,,2018/3/20 2:59
230,,,,,42564CD1F73D1561C0F1791AA8E492AC,1,0,0,0,2015/12/23 7:37,,2018/3/20 2:59
231,,,,,0E79B711A953DD44BD81D53A96D224C8,1,0,0,0,2015/12/23 7:37,,2018/3/20 2:59
232,,,,,19B2E07F57DFF10805E9150035F0FFB7,1,0,0,0,2015/12/23 7:37,,2018/3/20 2:59
233,,,,,7BC4EAA9EB8D06C642493B036964860C,1,0,0,0,2015/12/23 7:37,,2018/3/20 2:59
234,,,,,6144269F288C565D5FAE4DCBDF78935C,1,0,0,0,2015/12/23 7:37,,2018/3/20 2:59
235,,,,,78E6C3E48AEF07E7E9CEC30FAC4F33CA,1,0,0,0,2015/12/23 7:37,,2018/3/20 2:59
236,,,,,F38813A3BE31A4977840A62DCF5971CB,1,0,0,0,2015/12/23 7:37,,2018/3/20 2:59
237,,,,,6BC5AFCDD9D551C937F93758EB2DC506,1,0,0,0,2015/12/23 7:37,,2018/3/20 2:59
238,,,,,D7FB18061049EF8BB3D91B29CFEE3537,1,0,0,0,2015/12/23 7:37,,2018/3/20 2:59
239,,,,,12C111BB58306EBB949F8EFE497EDAB0,1,0,0,0,2015/12/23 7:37,,2018/3/20 2:59
240,,,,,7A73345451266ADF91AF93984B5EAC34,1,0,0,0,2015/12/23 7:37,,2018/3/20 2:59
241,,,,,2BE21E1A208664975C50A8D3DF754D86,1,0,0,0,2015/12/23 7:37,,2018/3/20 2:59
242,,,,,F330D4D5099FDB369218169D10F83E6E,1,0,0,0,2015/12/23 7:37,,2018/3/20 2:59
243,,,,,6CCCFC0F7303791BFEFD81643EE2B9C8,1,0,0,0,2015/12/23 7:37,,2018/3/20 2:59
244,,,,,E1CC5374DDE0C62C07D14FD4649EDC11,1,0,0,0,2015/12/23 7:37,,2018/3/20 2:59
245,,,,,C467553D8A6BBBC5BBDB60378138C1E2,1,0,0,0,2015/12/23 7:37,,2018/3/20 2:59
246,,,,,DE00B3A7A47A8CDB6CF1E193AC81E50C,1,0,0,0,2015/12/23 7:37,,2018/3/20 2:59
247,,,,,881F876EA17E7405AF17827AD45A29C4,1,0,0,0,2015/12/23 7:37,,2018/3/20 2:59
248,,,,,F5A3908283BE0D4447191A17458C9396,1,0,0,0,2015/12/23 7:37,,2018/3/20 2:59
249,,,,,EFD8FEDDD56D1C7A9FE84977A20490EA,1,0,0,0,2015/12/23 7:37,,2018/3/20 2:59
250,,,,,36A7BD1BA8565CF0586A3815E6D07D2D,1,0,0,0,2015/12/23 7:37,,2018/3/20 2:59
251,,,,,6EB6B5720888E8045CE32D689178A1DA,1,0,0,0,2015/12/23 7:37,,2018/3/20 2:59
252,,,,,B823D95171067F25FEA6E4EFA0CAE352,1,0,0,0,2015/12/23 7:37,,2018/3/20 2:59
253,,,,,AE6A42027FD699DAE43021CA3B52FAF1,1,0,0,0,2015/12/23 7:37,,2018/3/20 2:59
254,,,,,51ED40E82ADAA4EBA5B45F782091DD39,1,0,0,0,2015/12/23 7:37,,2018/3/20 2:59
255,,,,,57A612849A9679BFDAA3D313BA036D73,1,0,0,0,2015/12/23 7:37,,2018/3/20 2:59
256,,,,,97A30D1886D31ADC79BE934FAB52D61D,1,0,0,0,2015/12/23 7:37,,2018/3/20 2:59
257,,,,,8DC55B58080F38393694AC4E8E2CC2CB,1,0,0,0,2015/12/23 7:37,,2018/3/20 2:59
258,,,,,60861434880E8B3949A70DC26A0812C4,1,0,0,0,2015/12/23 7:37,,2018/3/20 2:59
259,,,,,903D06EAF33B177C109E149AA215A0F8,1,0,0,0,2015/12/23 7:37,,2018/3/20 2:59
260,,,,,592A04673F63486D2CC5300A3886435F,1,0,0,0,2015/12/23 7:37,,2018/3/20 2:59
261,,,,,C194C7FD4F91905AAF6347341191D1E1,1,0,0,0,2015/12/23 7:37,,2018/3/20 2:59
262,,,,,78125BCDDDEEEC309B34D323E0BEC9E1,1,0,0,0,2015/12/23 7:37,,2018/3/20 2:59
263,,,,,DD19AE9EEF4940A8A2AD64AD16D7BBD4,1,0,0,0,2015/12/23 7:37,,2018/3/20 2:59
264,,,,,7A5FD855A3B0BBD69413855799364F11,1,0,0,0,2015/12/23 7:37,,2018/3/20 2:59
265,,,,,BD238B8408890893B125F84F5CE8D0F4,1,0,0,0,2015/12/23 7:37,,2018/3/20 2:59
266,,,,,D026F8583F3D80DE337667780A28A596,1,0,0,0,2015/12/23 7:37,,2018/3/20 2:59
267,,,,,3E80679F781BBD7C5526425B63370D99,1,0,0,0,2015/12/23 7:37,,2018/3/20 2:59
268,,,,,06C7F25E6C0E3631868F5F69AA1D93F9,1,0,0,0,2015/12/23 7:37,,2018/3/20 2:59
269,,,,,FBBFD50F2920A7646B744078E82F0117,1,0,0,0,2015/12/23 7:37,,2018/3/20 2:59
270,,,,,BFE0209776BE64C939D143E63961825C,1,0,0,0,2015/12/23 7:37,,2018/3/20 2:59
271,,,,,46E896A44CC69E67822A41CF928819D8,1,0,0,0,2015/12/23 7:37,,2018/3/20 2:59
272,,,,,82DFC4598410AFE16DD2F549683EB74C,1,0,0,0,2015/12/23 7:37,,2018/3/20 2:59
273,,,,,C46EEE3133D2D752EEAB36B850070538,1,0,0,0,2015/12/23 7:37,,2018/3/20 2:59
274,,,,,9CC5ECDE9AD9B9A1E0BF1AE383A35F6C,1,0,0,0,2015/12/23 7:37,,2018/3/20 2:59
275,,,,,541996CF77F485ED15C8FC5E7EBB1F94,1,0,0,0,2015/12/23 7:37,,2018/3/20 2:59
276,,,,,E2B499FCE46362183C056F93A21664B2,1,0,0,0,2015/12/23 7:37,,2018/3/20 2:59
277,,,,,4A136B75F10A8DB7F7EEF87F4ABEACD9,1,0,0,0,2015/12/23 7:37,,2018/3/20 2:59
278,,,,,9DA876CA847881FEF592EE0B08562A8B,1,0,0,0,2015/12/23 7:37,,2018/3/20 2:59
279,,,,,5543E24233490182F154D3BFF9044B78,1,0,0,0,2015/12/23 7:37,,2018/3/20 2:59
280,,,,,CDE3A515E4277BCF1DC287D567904599,1,0,0,0,2015/12/23 7:37,,2018/3/20 2:59
281,,,,,306E1B7EB9184F814558F68A00B57F93,1,0,0,0,2015/12/23 7:37,,2018/3/20 2:59
282,,,,,D54B56BD8057AF8B116C40131719BFB5,1,0,0,0,2015/12/23 7:37,,2018/3/20 2:59
283,,,,,2D164FD8EA853FEE329A01E668970FEF,1,0,0,0,2015/12/23 7:37,,2018/3/20 2:59
284,,,,,6599303A163F75B28CE0F5A0074CA88B,1,0,0,0,2015/12/23 7:37,,2018/3/20 2:59
285,,,,,ECCCD9F8C5070955EDD172762DC4322C,1,0,0,0,2015/12/23 7:37,,2018/3/20 2:59
286,,,,,349FC397455094524F1EAD78EA9B9A76,1,0,0,0,2015/12/23 7:37,,2018/3/20 2:59
287,,,,,68D7DDAB42BFB25E92A3962935194C59,1,0,0,0,2015/12/23 7:37,,2018/3/20 2:59
288,,,,,125049A0623C8D85DDD813CD5046FB95,1,0,0,0,2015/12/23 7:37,,2018/3/20 2:59
289,,,,,4F74963C8554AADEB0CC15004ECCDAD4,1,0,0,0,2015/12/23 7:37,,2018/3/20 2:59
290,,,,,85837D83527E83B9127716B40BF6457C,1,0,0,0,2015/12/23 7:37,,2018/3/20 2:59
291,,,,,C95A0EA18F0D75BA7D01DDE8605A4C9D,1,0,0,0,2015/12/23 7:37,,2018/3/20 2:59
292,,,,,B69CC3C23A568DBFC4A233093595F288,1,0,0,0,2015/12/23 7:37,,2018/3/20 2:59
293,,,,,5E3BD2B87801AEA8D49FE8CD45E2DA23,1,0,0,0,2015/12/23 7:37,,2018/3/20 2:59
294,,,,,E537B12E805033A23A43392A768DEF15,1,0,0,0,2015/12/23 7:37,,2018/3/20 2:59
295,,,,,151820DD20901870F2F1B3BC7CAF5974,1,0,0,0,2015/12/23 7:37,,2018/3/20 2:59
296,,,,,3831BBEBCAF34D3BF4528D5A4C6BFC42,1,0,0,0,2015/12/23 7:37,,2018/3/20 2:59
297,,,,,770BF480A4358111D18A718AE35FBACF,1,0,0,0,2015/12/23 7:37,,2018/3/20 2:59
298,,,,,8F578FF7E846A501EA8A026B0E8543F8,1,0,0,0,2015/12/23 7:37,,2018/3/20 2:59
299,,,,,71251AD568712B8FE65BFE6DCCE73D34,1,0,0,0,2015/12/23 7:37,,2018/3/20 2:59
300,,,,,B068E583398416129F1964005E085453,1,0,0,0,2015/12/23 7:37,,2018/3/20 2:59
301,,,,,33C1E2061452854F79440BEE0F99162B,1,0,0,0,2015/12/23 7:37,,2018/3/20 2:59
302,,,,,CCDE28B72E6D895D7B41F710BFB1E2F7,1,0,0,0,2015/12/23 7:37,,2018/3/20 2:59
303,,,,,E3F99012EF407C3682343BF1D5435C51,1,0,0,0,2015/12/23 7:37,,2018/3/20 2:59
304,,,,,6366E6F72331383AD3411B2BAF142A46,1,0,0,0,2015/12/23 7:37,,2018/3/20 2:59
305,,,,,D5567A5631BCDC1A07DD3C4AF9C0C831,1,0,0,0,2015/12/23 7:37,,2018/3/20 2:59
306,,,,,556B19E8F85C6788E0760AB2B8F20AD6,1,0,0,0,2015/12/23 7:37,,2018/3/20 2:59
307,,,,,99D727991384331A146532902FF3DE36,1,0,0,0,2015/12/23 7:37,,2018/3/20 2:59
308,,,,,61253FFD0EFD63D44BFC63F79DF37FFA,1,0,0,0,2015/12/23 7:37,,2018/3/20 2:59
309,,,,,E951F3A001B7FA051028A51B56078A23,1,0,0,0,2015/12/23 7:37,,2018/3/20 2:59
310,,,,,BE915B3B380E9040D0B366963509CD3E,1,0,0,0,2015/12/23 7:37,,2018/3/20 2:59
311,,,,,A14C0B7C5AA10C162D994E0CE8747791,1,0,0,0,2015/12/23 7:37,,2018/3/20 2:59
312,,,,,0A6D4DFB87E88733A49FD9F7CE5D4D86,1,0,0,0,2015/12/23 7:37,,2018/3/20 2:59
313,,,,,55B2E91BE6CAEC9D4B78484A96E993F4,1,0,0,0,2015/12/23 7:37,,2018/3/20 2:59
314,,,,,3F3923A810F1E23466BA377A09FE0DD3,1,0,0,0,2015/12/23 7:37,,2018/3/20 2:59
315,,,,,9B2025E038C09E6BFB37D8C6326940E3,1,0,0,0,2015/12/23 7:37,,2018/3/20 2:59
316,,,,,D659E2AE0794AA1EE78EED36072A8472,1,0,0,0,2015/12/23 7:37,,2018/3/20 2:59
317,,,,,6CE3A6FD18A404004D6BDDB27FA1AD49,1,0,0,0,2015/12/23 7:37,,2018/3/20 2:59
318,,,,,E2B77E6788F379A7C290D4D33D23A931,1,0,0,0,2015/12/23 7:37,,2018/3/20 2:59
319,,,,,5797D3255C1D22C7A54A7CA777DCEC78,1,0,0,0,2015/12/23 7:37,,2018/3/20 2:59
320,,,,,C104A8A9EBC3A5FE7B0A10BBE67E5AB2,1,0,0,0,2015/12/23 7:37,,2018/3/20 2:59
321,,,,,EE44958561E6FC66B7539D9229A9B1B3,1,0,0,0,2015/12/23 7:37,,2018/3/20 2:59
322,,,,,A432A1C99B9371DB630BD9E7522F2CBC,1,0,0,0,2015/12/23 7:37,,2018/3/20 2:59
323,,,,,906BAD352978BAFB33DFF6A2E0BCB2C0,1,0,0,0,2015/12/23 7:37,,2018/3/20 2:59
324,,,,,3BE740048E5A722A75E73ECA037D3D8A,1,0,0,0,2015/12/23 7:37,,2018/3/20 2:59
325,,,,,AE537B8A8773ECCC945C1980F25B8EDE,1,0,0,0,2015/12/23 7:37,,2018/3/20 2:59
326,,,,,EA3A295A369D4BB572E4BAA77B6D5E9F,1,0,0,0,2015/12/23 7:37,,2018/3/20 2:59
327,,,,,9C5AEC6EFE4293C145DEFA520810DF5D,1,0,0,0,2015/12/23 7:37,,2018/3/20 2:59
328,,,,,777CF5C456D539D7A1D7ADCB82552E6A,1,0,0,0,2015/12/23 7:37,,2018/3/20 2:59
329,,,,,02551411797BA39CD5A67CA420838348,1,0,0,0,2015/12/23 7:37,,2018/3/20 2:59
330,,,,,CFDA19957A8B6492E972521AC6E28437,1,0,0,0,2015/12/23 7:37,,2018/3/20 2:59
331,,,,,1897A56D92ADE9C5C3318335E7158B54,1,0,0,0,2015/12/23 7:37,,2018/3/20 2:59
332,,,,,386473825F4174D759D382BA47B97117,1,0,0,0,2015/12/23 7:37,,2018/3/20 2:59
333,,,,,1F43C014767DF8DBF072FBB9AF58CB86,1,0,0,0,2015/12/23 7:37,,2018/3/20 2:59
334,,,,,91BAEDE54C6E7456AF1A483CBEB4FF61,1,0,0,0,2015/12/23 7:37,,2018/3/20 2:59
335,,,,,6A3251A4CFE7AA5F47C44564BB672985,1,0,0,0,2015/12/23 7:37,,2018/3/20 2:59
336,,,,,70A5FD6A38525E0F99D5F8769730AAAE,1,0,0,0,2015/12/23 7:37,,2018/3/20 2:59
337,,,,,40E244F954529B94D2070FC8692D980F,1,0,0,0,2015/12/23 7:37,,2018/3/20 2:59
338,,,,,71AFC2F1C2ED7D73BA96A60B138FB59A,1,0,0,0,2015/12/23 7:37,,2018/3/20 2:59
339,,,,,4D50416AADDEF730680BFDCCF0177E29,1,0,0,0,2015/12/23 7:37,,2018/3/20 2:59
340,,,,,C37FF72678561AEF0DA60CBC3AEE5119,1,0,0,0,2015/12/23 7:37,,2018/3/20 2:59
341,,,,,5B93AE6EDD451F01A3C5665C34BB1A8E,1,0,0,0,2015/12/23 7:37,,2018/3/20 2:59
342,,,,,EFFC9F5CB7E4C62836B6B840310259BA,1,0,0,0,2015/12/23 7:37,,2018/3/20 2:59
343,,,,,2C5F68B4191A2D4653163DEB7278D540,1,0,0,0,2015/12/23 7:37,,2018/3/20 2:59
344,,,,,8ADCB71B17EC155805221BFB639D3F41,1,0,0,0,2015/12/23 7:37,,2018/3/20 2:59
345,,,,,C9125C195255BDF8D70FC9E2A275902B,1,0,0,0,2015/12/23 7:37,,2018/3/20 2:59
346,,,,,30D73068F635C22B8F7282766AAD5334,1,0,0,0,2015/12/23 7:37,,2018/3/20 2:59
347,,,,,50B0FBBACC0559E545DDC9BFFBE977F7,1,0,0,0,2015/12/23 7:37,,2018/3/20 2:59
348,,,,,2D3F6E55C4EDD77E8F5630EA62E6848A,1,0,0,0,2015/12/23 7:37,,2018/3/20 2:59
349,,,,,E03D2653402D56B3BAB6FB5AAACA0010,1,0,0,0,2015/12/23 7:37,,2018/3/20 2:59
350,,,,,9F1C74A45E198C39575DFF018753C997,1,0,0,0,2015/12/23 7:37,,2018/3/20 2:59
351,,,,,B72C67394B7959FECD0B0A84C07DB8F9,1,0,0,0,2015/12/23 7:37,,2018/3/20 2:59
352,,,,,6A6983F210098041E82895A996B7DDBB,1,0,0,0,2015/12/23 7:37,,2018/3/20 2:59
353,,,,,5EB96EAE92B2E38233C87D6B989BEF80,1,0,0,0,2015/12/23 7:37,,2018/3/20 2:59
354,,,,,60A4DAA397CB5DC8F60E3176A76A1EEE,1,0,0,0,2015/12/23 7:37,,2018/3/20 2:59
355,,,,,58C65B195D3F9C60074B1DE693BB55AF,1,0,0,0,2015/12/23 7:37,,2018/3/20 2:59
356,,,,,C335D64B19C4B8376D827C7BAD6693B0,1,0,0,0,2015/12/23 7:37,,2018/3/20 2:59
357,,,,,37C8283D031BD01A1288740ABADC3671,1,0,0,0,2015/12/23 7:37,,2018/3/20 2:59
358,,,,,6966A056D189C50BAC67E69380F02012,1,0,0,0,2015/12/23 7:37,,2018/3/20 2:59
359,,,,,AF43920599A28BD5525ADC7A32B25D7D,1,0,0,0,2015/12/23 7:37,,2018/3/20 2:59
360,,,,,DA7CF25F602AA67426493CA7B376BCEF,1,0,0,0,2015/12/23 7:37,,2018/3/20 2:59
361,,,,,66748DFA648A765D0CE80E5E8E6072A3,1,0,0,0,2015/12/23 7:37,,2018/3/20 2:59
362,,,,,DFCE2179C57BA3B8E38F63DACB4C3AF4,1,0,0,0,2015/12/23 7:37,,2018/3/20 2:59
363,,,,,3BF33F0093724D2A808AC677E38F2FD9,1,0,0,0,2015/12/23 7:37,,2018/3/20 2:59
364,,,,,43673D3B9406FC91BEA3C07B4B6E4305,1,0,0,0,2015/12/23 7:37,,2018/3/20 2:59
365,,,,,9747443B5CACF4BAF37179550AA2F15D,1,0,0,0,2015/12/23 7:37,,2018/3/20 2:59
366,,,,,F8E6DB15C5F686645E3BA1AED2DD33C6,1,0,0,0,2015/12/23 7:37,,2018/3/20 2:59
367,,,,,0E70A64AC088F113E00FF1024E190EB0,1,0,0,0,2015/12/23 7:37,,2018/3/20 2:59
368,,,,,6A1B072A646459F766A1C65808F6F98F,1,0,0,0,2015/12/23 7:37,,2018/3/20 2:59
369,,,,,F785BB26CC68C24E6DE01957E7CDFF11,1,0,0,0,2015/12/23 7:37,,2018/3/20 2:59
370,,,,,F1D31CD8A24A02F34C70C246ECA40B4B,1,0,0,0,2015/12/23 7:37,,2018/3/20 2:59
371,,,,,1793806223E7FD0A5121CDF9FE0CF02B,1,0,0,0,2015/12/23 7:37,,2018/3/20 2:59
372,,,,,5B8E50B1BDAD3C8AB4D545089517D6B8,1,0,0,0,2015/12/23 7:37,,2018/3/20 2:59
373,,,,,72CB5DBF977784F0D2214F4C1726C30C,1,0,0,0,2015/12/23 7:37,,2018/3/20 2:59
374,,,,,96B0C780B6525549E426C67023E0DA3F,1,0,0,0,2015/12/23 7:37,,2018/3/20 2:59
375,,,,,5A689231021674CB23CB3FCF1338C622,1,0,0,0,2015/12/23 7:37,,2018/3/20 2:59
376,,,,,43AD8B3E3C80935E4B3444EC52AF776A,1,0,0,0,2015/12/23 7:37,,2018/3/20 2:59
377,,,,,7E4F4EAE255E03E4F3E511D58D329B1B,1,0,0,0,2015/12/23 7:37,,2018/3/20 2:59
378,,,,,93096CDDE7F164D7A3064C490E171B5B,1,0,0,0,2015/12/23 7:37,,2018/3/20 2:59
379,,,,,FA9C6D58D974829F0561A7CB2AB014DD,1,0,0,0,2015/12/23 7:37,,2018/3/20 2:59
380,,,,,E5DD48B6E5A7D99EC0A28438D8D2937E,1,0,0,0,2015/12/23 7:37,,2018/3/20 2:59
381,,,,,63E82C7EF7F35479A6BBA959981C233D,1,0,0,0,2015/12/23 7:37,,2018/3/20 2:59
382,,,,,2768A68B7578603E5D3EA3E0007E578F,1,0,0,0,2015/12/23 7:37,,2018/3/20 2:59
383,,,,,419A121F88114A11C3936371397E387F,1,0,0,0,2015/12/23 7:37,,2018/3/20 2:59
384,,,,,9C656DC24F23A8B8A9283F12C134F3C0,1,0,0,0,2015/12/23 7:37,,2018/3/20 2:59
385,,,,,086BA6742CD2C416CAC721F5E51EC055,1,0,0,0,2015/12/23 7:37,,2018/3/20 2:59
386,,,,,8D51019B5873FE1968BAF6EE33990834,1,0,0,0,2015/12/23 7:37,,2018/3/20 2:59
387,,,,,63456E15735BE13625DDB8E63E8A7282,1,0,0,0,2015/12/23 7:37,,2018/3/20 2:59
388,,,,,AB67B410CAC370696684AD84A97FC380,1,0,0,0,2015/12/23 7:37,,2018/3/20 2:59
389,,,,,B5060BE8C3B7049492630225CC97C923,1,0,0,0,2015/12/23 7:37,,2018/3/20 2:59
390,,,,,E8765BDFD11C2446DA9A3F666275EC37,1,0,0,0,2015/12/23 7:37,,2018/3/20 2:59
391,,,,,478E6FF9D4DFC641877C4BE17FD409F9,1,0,0,0,2015/12/23 7:37,,2018/3/20 2:59
392,,,,,C79422075C85EB4DD31E36411EE65CA7,1,0,0,0,2015/12/23 7:37,,2018/3/20 2:59
393,,,,,B23AE59D52E169C080107D892E7736C7,1,0,0,0,2015/12/23 7:37,,2018/3/20 2:59
394,,,,,65E3F2F4D752DC8D4766AD1F6227D184,1,0,0,0,2015/12/23 7:37,,2018/3/20 2:59
395,,,,,AB59AC993A4906BDED6B3B41AB9B9719,1,0,0,0,2015/12/23 7:37,,2018/3/20 2:59
396,,,,,47F690068951E3BC80311D9DCA83435F,1,0,0,0,2015/12/23 7:37,,2018/3/20 2:59
397,,,,,9E853C580248762DB62E5A35AA4817C4,1,0,0,0,2015/12/23 7:37,,2018/3/20 2:59
398,,,,,34982B8216FDE5117769F31A42BE3178,1,0,0,0,2015/12/23 7:37,,2018/3/20 2:59
399,,,,,64DFD2ADC3C0DF1B3A6D53FF9BF336CA,1,0,0,0,2015/12/23 7:37,,2018/3/20 2:59
400,,,,,7BD9649CEFA6F3E6615C4AA1580042D6,1,0,0,0,2015/12/23 7:37,,2018/3/20 2:59
401,,,,,87433AA13D250075C6DDC85B1CE8684F,1,0,0,0,2015/12/23 7:37,,2018/3/20 2:59
402,,,,,0A25FDD67AAFD67B7C9E70B16B908E54,1,0,0,0,2015/12/23 7:37,,2018/3/20 2:59
403,,,,,584B3D9B9580EBE624F582F3ED357584,1,0,0,0,2015/12/23 7:37,,2018/3/20 2:59
404,,,,,D7A6379C6D2B23683CF1883BEB9F2678,1,0,0,0,2015/12/23 7:37,,2018/3/20 2:59
405,,,,,AA3A381B86FC79A2AFF0DC791B28BD4E,1,0,0,0,2015/12/23 7:37,,2018/3/20 2:59
406,,,,,844211668CD54902644341C5A52DCA4C,1,0,0,0,2015/12/23 7:37,,2018/3/20 2:59
407,,,,,FB18D512E1E56DC9BC735D820B93F47C,1,0,0,0,2015/12/23 7:37,,2018/3/20 2:59
408,,,,,5E413C270269F86C04E927E01D17BB74,1,0,0,0,2015/12/23 7:37,,2018/3/20 2:59
409,,,,,3B56BA08A290EB26640687313686878E,1,0,0,0,2015/12/23 7:37,,2018/3/20 2:59
410,,,,,68F3218C230E86747FCA1038E0E773FE,1,0,0,0,2015/12/23 7:37,,2018/3/20 2:59
411,,,,,35D3BCF0F601F9E1FCC5440AC8C807D3,1,0,0,0,2015/12/23 7:37,,2018/3/20 2:59
412,,,,,02DADCB49CA6A36DD810FEB169EDA99F,1,0,0,0,2015/12/23 7:37,,2018/3/20 2:59
413,,,,,C103AA068AF1F2B52BBFB6DED0C770C5,1,0,0,0,2015/12/23 7:37,,2018/3/20 2:59
414,,,,,AF3804CD05A559500C5EA04C12BAE8F4,1,0,0,0,2015/12/23 7:37,,2018/3/20 2:59
415,,,,,20A6C6530DA741A52EC6EA3CC06563F9,1,0,0,0,2015/12/23 7:37,,2018/3/20 2:59
416,,,,,313013C835B258CAFCE6CAFB7BE41EDE,1,0,0,0,2015/12/23 7:37,,2018/3/20 2:59
417,,,,,77BF2002774E40342D64B14DE20202DC,1,0,0,0,2015/12/23 7:37,,2018/3/20 2:59
418,,,,,BD857CAF34085E7DA044F0822584CC33,1,0,0,0,2015/12/23 7:37,,2018/3/20 2:59
419,,,,,DC3A721C31505052643BFB476F10B96B,1,0,0,0,2015/12/23 7:37,,2018/3/20 2:59
420,,,,,CBC6D1CC4E814CF68E4F0E887C1E04FB,1,0,0,0,2015/12/23 7:37,,2018/3/20 2:59
421,,,,,CD3A8DAA55A3B9ABC3926B5941C322EA,1,0,0,0,2015/12/23 7:37,,2018/3/20 2:59
422,,,,,58F9286A05D366BB83587FEA0D411E20,1,0,0,0,2015/12/23 7:37,,2018/3/20 2:59
423,,,,,32DF9B62552CA7D87B773629B1939BFC,1,0,0,0,2015/12/23 7:37,,2018/3/20 2:59
424,,,,,A3B3E27C7C335F2A47BDF00146B3F232,1,0,0,0,2015/12/23 7:37,,2018/3/20 2:59
425,,,,,87A3EF5DE03EBD29F9611AAD3E70F12A,1,0,0,0,2015/12/23 7:37,,2018/3/20 2:59
426,,,,,9965C1D3A7FEBC16C26FC0C657F19BC5,1,0,0,0,2015/12/23 7:37,,2018/3/20 2:59
427,,,,,B08459F702D2454634972A38F22AC29B,1,0,0,0,2015/12/23 7:37,,2018/3/20 2:59
428,,,,,A66A862A1E13B7783DFC1FC2B0C0E222,1,0,0,0,2015/12/23 7:37,,2018/3/20 2:59
429,,,,,EF6A57A4589FCE5C47E7A2BE812B0629,1,0,0,0,2015/12/23 7:37,,2018/3/20 2:59
430,,,,,37D3481C82F799BE3CEA29D5133314F2,1,0,0,0,2015/12/23 7:37,,2018/3/20 2:59
431,,,,,28EE3D0352D84BA36E731F982946ED87,1,0,0,0,2015/12/23 7:37,,2018/3/20 2:59
432,,,,,594992A3CDEF6438A280808D92D68359,1,0,0,0,2015/12/23 7:37,,2018/3/20 2:59
433,,,,,4B8888D4B6435054C98C9E06D3EB5C7C,1,0,0,0,2015/12/23 7:37,,2018/3/20 2:59
434,,,,,040EF7EED0A7D9F853D4AB21B9D2E652,1,0,0,0,2015/12/23 7:37,,2018/3/20 2:59
435,,,,,B7CE06DB577CE41B90B3DC5A432A1669,1,0,0,0,2015/12/23 7:37,,2018/3/20 2:59
436,,,,,2B07B9D94BFB8C7F2717903FB0EDCBFB,1,0,0,0,2015/12/23 7:37,,2018/3/20 2:59
437,,,,,28024F64F301F3459BCCE57CDC75E2B2,1,0,0,0,2015/12/23 7:37,,2018/3/20 2:59
438,,,,,B4820EBA30FA9AB6EC6AFEB6424581B8,1,0,0,0,2015/12/23 7:37,,2018/3/20 2:59
439,,,,,A2D53A106042F0AB88A3C8A5EA883F62,1,0,0,0,2015/12/23 7:37,,2018/3/20 2:59
440,,,,,BA1BCE7BE81A37892C8267BC65FA8873,1,0,0,0,2015/12/23 7:37,,2018/3/20 2:59
441,,,,,54C614ECB3438DC42A1D70BEA6855F5D,1,0,0,0,2015/12/23 7:37,,2018/3/20 2:59
442,,,,,DEFEAA560D8BAF43194BDA31CD24C83C,1,0,0,0,2015/12/23 7:37,,2018/3/20 2:59
443,,,,,91F45A38DC085FF929DD872923DC7C7F,1,0,0,0,2015/12/23 7:37,,2018/3/20 2:59
444,,,,,58ED545CC6E8E7FEFE89D28AAA5AB107,1,0,0,0,2015/12/23 7:37,,2018/3/20 2:59
445,,,,,5F8572E2F12FD66D72F89A85B7E045E0,1,0,0,0,2015/12/23 7:37,,2018/3/20 2:59
446,,,,,9794DE894A701053E7336AD8F96D286E,1,0,0,0,2015/12/23 7:37,,2018/3/20 2:59
447,,,,,CFFE25DD4C8E44841970FCA60737B03E,1,0,0,0,2015/12/23 7:37,,2018/3/20 2:59
448,,,,,0979C969765A83000F6B197C0FDC8B94,1,0,0,0,2015/12/23 7:37,,2018/3/20 2:59
449,,,,,A06BF1B9F32107EFA3FE213858F4EC87,1,0,0,0,2015/12/23 7:37,,2018/3/20 2:59
450,,,,,D2159B2B72F18C731A9E0BFA6D2A339B,1,0,0,0,2015/12/23 7:37,,2018/3/20 2:59
451,,,,,B1567A370B7718B36DB3C3455FD06835,1,0,0,0,2015/12/23 7:37,,2018/3/20 2:59
452,,,,,D0DDE026B186DBE0B83ACADE1C4CE881,1,0,0,0,2015/12/23 7:37,,2018/3/20 2:59
453,,,,,5203B010EA04F4DFD6D1ED7196B7BC0D,1,0,0,0,2015/12/23 7:37,,2018/3/20 2:59
454,,,,,0BEC63D80CC61D99B988626D63AB0B32,1,0,0,0,2015/12/23 7:37,,2018/3/20 2:59
455,,,,,0083C0525F1585CF130222E6197EB920,1,0,0,0,2015/12/23 7:37,,2018/3/20 2:59
456,,,,,EC7DBEB000B76E34CF3E6FCC67A212FE,1,0,0,0,2015/12/23 7:37,,2018/3/20 2:59
457,,,,,C73192273745A96263FD269DE7FD9CCE,1,0,0,0,2015/12/23 7:37,,2018/3/20 2:59
458,,,,,CAF3390CC230DF245FF0A2DEF7159A37,1,0,0,0,2015/12/23 7:37,,2018/3/20 2:59
459,,,,,0C25FB7FE4ECF754EC065B782A333D6F,1,0,0,0,2015/12/23 7:37,,2018/3/20 2:59
460,,,,,5555B72E9DA72AA4C1FF3F66EB17BC9A,1,0,0,0,2015/12/23 7:37,,2018/3/20 2:59
461,,,,,018D914022E1C043CBEB5F727B156DC7,1,0,0,0,2015/12/23 7:37,,2018/3/20 2:59
462,,,,,2D12CBB02E93697ADD56098E0B745265,1,0,0,0,2015/12/23 7:37,,2018/3/20 2:59
463,,,,,CA256103278A125EC5FCCB91D2621BC3,1,0,0,0,2015/12/23 7:37,,2018/3/20 2:59
464,,,,,C1F672C993A76115AC96868E9299F0DF,1,0,0,0,2015/12/23 7:37,,2018/3/20 2:59
465,,,,,CB73B958169C1E535F86D5188D1A1E77,1,0,0,0,2015/12/23 7:37,,2018/3/20 2:59
466,,,,,0E237504F32D21CE156049E570042A6D,1,0,0,0,2015/12/23 7:37,,2018/3/20 2:59
467,,,,,EB2113B0B559630797D0D1D26BBB5C0C,1,0,0,0,2015/12/23 7:37,,2018/3/20 2:59
468,,,,,AEE41A241095538AF99EED572E8DD76B,1,0,0,0,2015/12/23 7:37,,2018/3/20 2:59
469,,,,,1738F6E6D1A7F31BDB8E9DBA0F0E856F,1,0,0,0,2015/12/23 7:37,,2018/3/20 2:59
470,,,,,A1FC505D024F7E437B005F7799735576,1,0,0,0,2015/12/23 7:37,,2018/3/20 2:59
471,,,,,A59AEB9C5BD9F632AD04EB535147CDFB,1,0,0,0,2015/12/23 7:37,,2018/3/20 2:59
472,,,,,D1B3B5A43BDA440531B3415BAFE82447,1,0,0,0,2015/12/23 7:37,,2018/3/20 2:59
473,,,,,9416B75FBE4E188F11AF470FA5B1FF18,1,0,0,0,2015/12/23 7:37,,2018/3/20 2:59
474,,,,,1658D6C927BF1579F22A56ED797E0E3B,1,0,0,0,2015/12/23 7:37,,2018/3/20 2:59
475,,,,,ADF3AAD045B5E3E5127119DF430F2939,1,0,0,0,2015/12/23 7:37,,2018/3/20 2:59
476,,,,,F30D83C1234FE5A03676A3C3FA25174E,1,0,0,0,2015/12/23 7:37,,2018/3/20 2:59
477,,,,,BBDCD76B2AED9A77516249A883367C45,1,0,0,0,2015/12/23 7:37,,2018/3/20 2:59
478,,,,,604A917ABDD858A6A2D5125999BAF0F8,1,0,0,0,2015/12/23 7:37,,2018/3/20 2:59
479,,,,,D7BDB9B4BE69CAE32050494200EB15AD,1,0,0,0,2015/12/23 7:37,,2018/3/20 2:59
480,,,,,D145234B737A08AEE18B7605EE44C02C,1,0,0,0,2015/12/23 7:37,,2018/3/20 2:59
481,,,,,66618BA691AA37F2C789F0F06BEC3244,1,0,0,0,2015/12/23 7:37,,2018/3/20 2:59
482,,,,,3EF3FF183ED07D9C21DF23D56B5C4C48,1,0,0,0,2015/12/23 7:37,,2018/3/20 2:59
483,,,,,C4EA3D1D05C2147D3624CC4CC0D52656,1,0,0,0,2015/12/23 7:37,,2018/3/20 2:59
484,,,,,47C7E3297CB2D4E388E7C14FD83AF04F,1,0,0,0,2015/12/23 7:37,,2018/3/20 2:59
485,,,,,12C81EE3A9E47E9F4CF8927ADF65145A,1,0,0,0,2015/12/23 7:37,,2018/3/20 2:59
486,,,,,310FD0B0D0DF5DEAB192F96AC38DBF0D,1,0,0,0,2015/12/23 7:37,,2018/3/20 2:59
487,,,,,8F88AF172E29E80BA87D9139FCE54A5C,1,0,0,0,2015/12/23 7:37,,2018/3/20 2:59
488,,,,,E28781A30135BA2695A8CE7ADABD14F4,1,0,0,0,2015/12/23 7:37,,2018/3/20 2:59
489,,,,,F4C09336E1E2C99B16E66C28F13C1719,1,0,0,0,2015/12/23 7:37,,2018/3/20 2:59
490,,,,,97342F8845021A3FEB3384100D7C40FD,1,0,0,0,2015/12/23 7:37,,2018/3/20 2:59
491,,,,,8C0456EF4DBC36C576314A7D75055D30,1,0,0,0,2015/12/23 7:37,,2018/3/20 2:59
492,,,,,74070FDFDC0EAC89878B3EC8BEBA2920,1,0,0,0,2015/12/23 7:37,,2018/3/20 2:59
493,,,,,85A13E46E68896D3864FEBB02A355E29,1,0,0,0,2015/12/23 7:37,,2018/3/20 2:59
494,,,,,D9DFC9DBF30A4F8CF6D99F5B99317B3C,1,0,0,0,2015/12/23 7:37,,2018/3/20 2:59
495,,,,,1872F27DA51609C1156F08E0612FED1C,1,0,0,0,2015/12/23 7:37,,2018/3/20 2:59
496,,,,,0AEC451CFD54C36B583CC6E834E1E44C,1,0,0,0,2015/12/23 7:37,,2018/3/20 2:59
497,,,,,FAE727ABF196087A2D5E9983EAAF73BE,1,0,0,0,2015/12/23 7:37,,2018/3/20 2:59
498,,,,,C814CFC055705A83A17CFBCA0DF21CEE,1,0,0,0,2015/12/23 7:37,,2018/3/20 2:59
499,,,,,B260932DA886F5C26568CCBE5DDEFD7E,1,0,0,0,2015/12/23 7:37,,2018/3/20 2:59
500,,,,,7AF9C2F510F5CE53323B3F82BC57876F,1,0,0,0,2015/12/23 7:37,,2018/3/20 2:59
501,,,,,9AA1145EDC06D511AFE957AB8D7FD38B,1,0,0,0,2015/12/23 7:37,,2018/3/20 2:59
502,,,,,D8901A1AB0329ED6282A433C4CFD67F3,1,0,0,0,2015/12/23 7:37,,2018/3/20 2:59
503,,,,,B054DCE48B0438B4B3F282EAFB46D7BC,1,0,0,0,2015/12/23 7:37,,2018/3/20 2:59
504,,,,,183D51E29EB9019A4274F7BA8A99FD32,1,0,0,0,2015/12/23 7:37,,2018/3/20 2:59
505,,,,,234FF9163940B07CAFBEC8A284CA89CE,1,0,0,0,2015/12/23 7:37,,2018/3/20 2:59
506,,,,,6615D03DE9ABBAAA2FF93CDC8E911E82,1,0,0,0,2015/12/23 7:37,,2018/3/20 2:59
507,,,,,FDAECCEB680BFB22230F84956DC53CF9,1,0,0,0,2015/12/23 7:37,,2018/3/20 2:59
508,,,,,05C77959EB082662BBE6B63B45559182,1,0,0,0,2015/12/23 7:37,,2018/3/20 2:59
509,,,,,5E2243505329A843D2958B15F1A17FB3,1,0,0,0,2015/12/23 7:37,,2018/3/20 2:59
510,,,,,17B2DFF567428FF8912097F3C3174E7F,1,0,0,0,2015/12/23 7:37,,2018/3/20 2:59
511,,,,,8929BFC3B6BCECFA6F35E2435B7D799F,1,0,0,0,2015/12/23 7:37,,2018/3/20 2:59
512,,,,,145340A384EC37D5E583D3B29799A648,1,0,0,0,2015/12/23 7:37,,2018/3/20 2:59
513,,,,,F870EB0BFEDB1126CEE772583755CCBE,1,0,0,0,2015/12/23 7:37,,2018/3/20 2:59
514,,,,,7FF75ABC9D09FEB62194AF127C8905E4,1,0,0,0,2015/12/23 7:37,,2018/3/20 2:59
515,,,,,6F3EE400B24178B2CB440B90A2A3F095,1,0,0,0,2015/12/23 7:37,,2018/3/20 2:59
516,,,,,139557B1275103E19BBC37CF9B7FD32E,1,0,0,0,2015/12/23 7:37,,2018/3/20 2:59
517,,,,,AE483D03F9E5DF1294D9E4558C7F2BA4,1,0,0,0,2015/12/23 7:37,,2018/3/20 2:59
518,,,,,906850F982A0B1A2EC19B54678ADD8BE,1,0,0,0,2015/12/23 7:37,,2018/3/20 2:59
519,,,,,2DFD45B2CDD54D3FC974962A2644EE08,1,0,0,0,2015/12/23 7:37,,2018/3/20 2:59
520,,,,,FDE6BE5190B90AAA2E88379B10022BCC,1,0,0,0,2015/12/23 7:37,,2018/3/20 2:59
521,,,,,715F87F0232379DAD29C782BCD6D8282,1,0,0,0,2015/12/23 7:37,,2018/3/20 2:59
522,,,,,2FCA123E2546BAC7C460ED1D49840395,1,0,0,0,2015/12/23 7:37,,2018/3/20 2:59
523,,,,,D605C2F5A881D883429E66B117C371B9,1,0,0,0,2015/12/23 7:37,,2018/3/20 2:59
524,,,,,E53B8993605ED5C5FB8786747F663B11,1,0,0,0,2015/12/23 7:37,,2018/3/20 2:59
525,,,,,7BC6323E67FE7163C51162BB391FB5B1,1,0,0,0,2015/12/23 7:37,,2018/3/20 2:59
526,,,,,340DD1296F0C7A25EDA00ED6ECFA275A,1,0,0,0,2015/12/23 7:37,,2018/3/20 2:59
527,,,,,EC0CAA298349BA69D37433D63E20E209,1,0,0,0,2015/12/23 7:37,,2018/3/20 2:59
528,,,,,3F4AF42559CAC1A7F5DEB4E17BD40F7B,1,0,0,0,2015/12/23 7:37,,2018/3/20 2:59
529,,,,,B3EB8FD628E6928FAA0A0E36FCDF800E,1,0,0,0,2015/12/23 7:37,,2018/3/20 2:59
530,,,,,BA0A7DD293C4B0E0ECDF3C553E9F48F6,1,0,0,0,2015/12/23 7:37,,2018/3/20 2:59
531,,,,,AB8F605C2A726305C5F2296BD60C5CC3,1,0,0,0,2015/12/23 7:37,,2018/3/20 2:59
532,,,,,97158CD7C43E46DC2938E640797C218F,1,0,0,0,2015/12/23 7:37,,2018/3/20 2:59
533,,,,,C20B112264DEE4CBF44DD126A385DC6E,1,0,0,0,2015/12/23 7:37,,2018/3/20 2:59
534,,,,,A93C83A83C88119DB7A589EFE170DAF2,1,0,0,0,2015/12/23 7:37,,2018/3/20 2:59
535,,,,,0D30354E13EF22DFBB5225C40FAC55EB,1,0,0,0,2015/12/23 7:37,,2018/3/20 2:59
536,,,,,E5DEAD46728DB4640E60E0931CBEDEE5,1,0,0,0,2015/12/23 7:37,,2018/3/20 2:59
537,,,,,B158EE109074BD50D2AB9A053DA9F0AA,1,0,0,0,2015/12/23 7:37,,2018/3/20 2:59
538,,,,,09FE4A19825CB6BD76A68F3766A79A8B,1,0,0,0,2015/12/23 7:37,,2018/3/20 2:59
539,,,,,D8533497A1A9336D99EC7398A063967B,1,0,0,0,2015/12/23 7:37,,2018/3/20 2:59
540,,,,,43CBBA225975F431B4C5CE8128E93F40,1,0,0,0,2015/12/23 7:37,,2018/3/20 2:59
541,,,,,A883C43A3AEFF0DF5757E565664ACAB1,1,0,0,0,2015/12/23 7:37,,2018/3/20 2:59
542,,,,,FAF67772D2B8332864E1E1B6BCEBAD0E,1,0,0,0,2015/12/23 7:37,,2018/3/20 2:59
543,,,,,DFCC89032689B0F2955B3389C680B2A4,1,0,0,0,2015/12/23 7:37,,2018/3/20 2:59
544,,,,,4253E2EF56FBBA9B60B5C0470BF494E3,1,0,0,0,2015/12/23 7:37,,2018/3/20 2:59
545,,,,,8887F62B95DA076890E1016853EA19CF,1,0,0,0,2015/12/23 7:37,,2018/3/20 2:59
546,,,,,8A230918801A3F585CF97DE6DDF1AC6F,1,0,0,0,2015/12/23 7:37,,2018/3/20 2:59
547,,,,,126D75743480A05C423FE78EF8A27075,1,0,0,0,2015/12/23 7:37,,2018/3/20 2:59
548,,,,,530BB56B194C66097E5EF3449DA970C8,1,0,0,0,2015/12/23 7:37,,2018/3/20 2:59
549,,,,,53B595037C217ADD511DFFE3FCAE72C3,1,0,0,0,2015/12/23 7:37,,2018/3/20 2:59
550,,,,,B508F13003AE5A8114C680AE886605F0,1,0,0,0,2015/12/23 7:37,,2018/3/20 2:59
551,,,,,3EBDEAC98A4AEBB38886E91DB22D39D5,1,0,0,0,2015/12/23 7:37,,2018/3/20 2:59
552,,,,,FF3453793FCF1F87E8145CF624468DF8,1,0,0,0,2015/12/23 7:37,,2018/3/20 2:59
553,,,,,08531A50537C3CE2601C816B358EF98A,1,0,0,0,2015/12/23 7:37,,2018/3/20 2:59
554,,,,,BAF1EA7B2D2868EC19761258DAD5A250,1,0,0,0,2015/12/23 7:37,,2018/3/20 2:59
555,,,,,C9E6A511EE6C8E4A854EA7D39E997D1A,1,0,0,0,2015/12/23 7:37,,2018/3/20 2:59
556,,,,,E899BDCC87F6593BE5603456F7927721,1,0,0,0,2015/12/23 7:37,,2018/3/20 2:59
557,,,,,B4DA7104693DBAC9F75FE076A4BCA3E0,1,0,0,0,2015/12/23 7:37,,2018/3/20 2:59
558,,,,,FC35FB1BDFEA6D03988C18454F54757B,1,0,0,0,2015/12/23 7:37,,2018/3/20 2:59
559,,,,,E96C6ED59379454B9B6926D56BF6ECA5,1,0,0,0,2015/12/23 7:37,,2018/3/20 2:59
560,,,,,2180F380FC266E07A44CC5A85AB73CD7,1,0,0,0,2015/12/23 7:37,,2018/3/20 2:59
561,,,,,0F8569D9E29166D03AE789774EE23249,1,0,0,0,2015/12/23 7:37,,2018/3/20 2:59
562,,,,,BA5F88069C6CDD66460707AD2C4913B7,1,0,0,0,2015/12/23 7:37,,2018/3/20 2:59
563,,,,,2A903C94ACF844744EA2BCBD1E67C629,1,0,0,0,2015/12/23 7:37,,2018/3/20 2:59
564,,,,,935F7BF7963036084374367B5FDFF3A3,1,0,0,0,2015/12/23 7:37,,2018/3/20 2:59
565,,,,,0140D909AD45B7B1D0826864B11FE8B7,1,0,0,0,2015/12/23 7:37,,2018/3/20 2:59
566,,,,,007BD1EA16667344BC0B44E5D5B375FE,1,0,0,0,2015/12/23 7:37,,2018/3/20 2:59
567,,,,,C0071B1C5E619310EE7DCB7B5DBDC1F1,1,0,0,0,2015/12/23 7:37,,2018/3/20 2:59
568,,,,,B4272995CB4F5935E63EE7F81A3ACF16,1,0,0,0,2015/12/23 7:37,,2018/3/20 2:59
569,,,,,91224368AA0F2435AEAA23BEA9644C96,1,0,0,0,2015/12/23 7:37,,2018/3/20 2:59
570,,,,,6DF90CC5100AFDC044077B9C58762928,1,0,0,0,2015/12/23 7:37,,2018/3/20 2:59
571,,,,,0F44CC3BE10C028FF9E669E4B07826C0,1,0,0,0,2015/12/23 7:37,,2018/3/20 2:59
572,,,,,2C5264B7B33310A13BE3ACAE2AB7D825,1,0,0,0,2015/12/23 7:37,,2018/3/20 2:59
573,,,,,A6EBE68D96BEA6AF186E6B7793EF734C,1,0,0,0,2015/12/23 7:37,,2018/3/20 2:59
574,,,,,B91C4E297F301BC2546D4A4306A68B02,1,0,0,0,2015/12/23 7:37,,2018/3/20 2:59
575,,,,,9AC097A9D156FDBF6E1F99E97C9FF697,1,0,0,0,2015/12/23 7:37,,2018/3/20 2:59
576,,,,,28657BC19A35D9E966D66469FFB749B8,1,0,0,0,2015/12/23 7:37,,2018/3/20 2:59
577,,,,,84D19BB0BB953DD57CBD2A0761637946,1,0,0,0,2015/12/23 7:37,,2018/3/20 2:59
578,,,,,DB39AA5418E48BA3138A0E2D0034BDE6,1,0,0,0,2015/12/23 7:37,,2018/3/20 2:59
579,,,,,7132053D8BB4577520BEFC418E423284,1,0,0,0,2015/12/23 7:37,,2018/3/20 2:59
580,,,,,67013A59DFDA779A567A65583AFEC14A,1,0,0,0,2015/12/23 7:37,,2018/3/20 2:59
581,,,,,5DD9B83425970DB107E6DDC28DD3F008,1,0,0,0,2015/12/23 7:37,,2018/3/20 2:59
582,,,,,B3D0F199198275DB94A97901BBB1FECC,1,0,0,0,2015/12/23 7:37,,2018/3/20 2:59
583,,,,,7FC53EA93A46D09E4A1951225F7317C6,1,0,0,0,2015/12/23 7:37,,2018/3/20 2:59
584,,,,,B0790DCC752C6E714195B42B1B9C79A8,1,0,0,0,2015/12/23 7:37,,2018/3/20 2:59
585,,,,,F4F5F5DBF095C30473EFC013C82BA2E5,1,0,0,0,2015/12/23 7:37,,2018/3/20 2:59
586,,,,,8179F6197CC1E9746D0816404495C511,1,0,0,0,2015/12/23 7:37,,2018/3/20 2:59
587,,,,,C9D72AFDD4B0D64FAC3D34726E97A687,1,0,0,0,2015/12/23 7:37,,2018/3/20 2:59
588,,,,,948894A212EC404CB094CAD61D4A9410,1,0,0,0,2015/12/23 7:37,,2018/3/20 2:59
589,,,,,38A66D9DDACC32374D50EB99E6358698,1,0,0,0,2015/12/23 7:37,,2018/3/20 2:59
590,,,,,E58326BE0FB26B1E634C366B39D28515,1,0,0,0,2015/12/23 7:37,,2018/3/20 2:59
591,,,,,DDD4B8ACA73B9313CF36BB099E2EA239,1,0,0,0,2015/12/23 7:37,,2018/3/20 2:59
592,,,,,5EE0F0BF6E10E22517CB94CDCF9CFE3C,1,0,0,0,2015/12/23 7:37,,2018/3/20 2:59
593,,,,,0614E24004D46B63C96AC19225D85AD8,1,0,0,0,2015/12/23 7:37,,2018/3/20 2:59
594,,,,,125A4475F3A2DC0AF01F0A0AB74F8A57,1,0,0,0,2015/12/23 7:37,,2018/3/20 2:59
595,,,,,FD63EF46AC6F49B58FEE224B0BB357A8,1,0,0,0,2015/12/23 7:37,,2018/3/20 2:59
596,,,,,76A06DFCB8D214F688061322848D0507,1,0,0,0,2015/12/23 7:37,,2018/3/20 2:59
597,,,,,8AFD283784C9E0B61433CF3E6D11E5A6,1,0,0,0,2015/12/23 7:37,,2018/3/20 2:59
598,,,,,F7A7201C0E947F75D15B077D205AF4D9,1,0,0,0,2015/12/23 7:37,,2018/3/20 2:59
599,,,,,0BF872B7626F75EEEAC5E4CF9D91C645,1,0,0,0,2015/12/23 7:37,,2018/3/20 2:59
600,,,,,45B38F6654F626C73ABB77A3F5E4C269,1,0,0,0,2015/12/23 7:37,,2018/3/20 2:59
601,,,,,4327A1C48140D01D290682D3C41F7120,1,0,0,0,2015/12/23 7:37,,2018/3/20 2:59
602,,,,,7EDE39383D9011DB21692D3FC3555C74,1,0,0,0,2015/12/23 7:37,,2018/3/20 2:59
603,,,,,8B799071A1DADE2F3DF52772AEADBD47,1,0,0,0,2015/12/23 7:37,,2018/3/20 2:59
604,,,,,A023182FE08DCF2778A769268B453C73,1,0,0,0,2015/12/23 7:37,,2018/3/20 2:59
605,,,,,7716BCF89CEC975EC32131E4552821EE,1,0,0,0,2015/12/23 7:37,,2018/3/20 2:59
606,,,,,A283944AA1309ABBCCDA767F5C8AC205,1,0,0,0,2015/12/23 7:37,,2018/3/20 2:59
607,,,,,CB28BA683DB8EC65EE76D298B6B28345,1,0,0,0,2015/12/23 7:37,,2018/3/20 2:59
608,,,,,FED85A9DC3B633E97AAD82C9D4C87E13,1,0,0,0,2015/12/23 7:37,,2018/3/20 2:59
609,,,,,05E7FB3EDD9B3968F9A85931DCB3EDC4,1,0,0,0,2015/12/23 7:37,,2018/3/20 2:59
610,,,,,FBBD4CF06845687CC746897472A5EA87,1,0,0,0,2015/12/23 7:37,,2018/3/20 2:59
611,,,,,019B5B4397EC88C0FCC4AB6C4AC84FD3,1,0,0,0,2015/12/23 7:37,,2018/3/20 2:59
612,,,,,65C508B507C94837EFD37E5640184CA3,1,0,0,0,2015/12/23 7:37,,2018/3/20 2:59
613,,,,,81095B5D947B9F9EDB5CA3F2CD6F9F80,1,0,0,0,2015/12/23 7:37,,2018/3/20 2:59
614,,,,,19AF4DB0A170021637485D2D71945780,1,0,0,0,2015/12/23 7:37,,2018/3/20 2:59
615,,,,,23F7B1C01253C474E5500096FD4FA360,1,0,0,0,2015/12/23 7:37,,2018/3/20 2:59
616,,,,,60F8F52BFBCF0E8F7E1E50A81F176EB1,1,0,0,0,2015/12/23 7:37,,2018/3/20 2:59
617,,,,,8A8C4E256657EE36A179C68ED0E6800B,1,0,0,0,2015/12/23 7:37,,2018/3/20 2:59
618,,,,,7FD698515C02CA54A93034B116D70D47,1,0,0,0,2015/12/23 7:37,,2018/3/20 2:59
619,,,,,6E6C5017946B5B1622892327F90AFC9B,1,0,0,0,2015/12/23 7:37,,2018/3/20 2:59
620,,,,,6852F371C9920CEC623DABE86A4C63CA,1,0,0,0,2015/12/23 7:37,,2018/3/20 2:59
621,,,,,83A31DA30731DC0D711B9340A59A704E,1,0,0,0,2015/12/23 7:37,,2018/3/20 2:59
622,,,,,DE7A43D6C150D6F601870FB67CC502F9,1,0,0,0,2015/12/23 7:37,,2018/3/20 2:59
623,,,,,1B79D0FB721400D470E91C8F10B12C1F,1,0,0,0,2015/12/23 7:37,,2018/3/20 2:59
624,,,,,9BC4C72377FEFBB42CD6BC37CE1BC702,1,0,0,0,2015/12/23 7:37,,2018/3/20 2:59
625,,,,,CC985BD4FE46EC115B652F76C1E8E0E5,1,0,0,0,2015/12/23 7:37,,2018/3/20 2:59
626,,,,,D793B3DCAECCD8287B9764F93A9B3B87,1,0,0,0,2015/12/23 7:37,,2018/3/20 2:59
627,,,,,BD68E100D2116571034A2442607E8887,1,0,0,0,2015/12/23 7:37,,2018/3/20 2:59
628,,,,,CE84CD22B22A7368D9610E6C8F5789FC,1,0,0,0,2015/12/23 7:37,,2018/3/20 2:59
629,,,,,D4834C2C2AEA28434CEEC1D6F9C30836,1,0,0,0,2015/12/23 7:37,,2018/3/20 2:59
630,,,,,D2B4C80C7AE9AD62F8E6F995462DC992,1,0,0,0,2015/12/23 7:37,,2018/3/20 2:59
631,,,,,FAAAFE6A0B889439682DA73D44A7DC2D,1,0,0,0,2015/12/23 7:37,,2018/3/20 2:59
632,,,,,37E03F7A2793BF6473575E44499C1A49,1,0,0,0,2015/12/23 7:37,,2018/3/20 2:59
633,,,,,600A5C93F4BD9A48C315766BC4DE18C4,1,0,0,0,2015/12/23 7:37,,2018/3/20 2:59
634,,,,,86FB306DD7DBDC5FDA362218B48A7D0D,1,0,0,0,2015/12/23 7:37,,2018/3/20 2:59
635,,,,,50A1CE2B57D7E3C9546C3EF9EDB94B36,1,0,0,0,2015/12/23 7:37,,2018/3/20 2:59
636,,,,,064FF4F096B854ED1195B9491DAE70BF,1,0,0,0,2015/12/23 7:37,,2018/3/20 2:59
637,,,,,8F326B0E0D49D4438DA71F92A5CDE7EC,1,0,0,0,2015/12/23 7:37,,2018/3/20 2:59
638,,,,,1D77722FDFA84A1CF687342D1C47F8B0,1,0,0,0,2015/12/23 7:37,,2018/3/20 2:59
639,,,,,1511F4CA7E4622EDD0A78D8D794C06C1,1,0,0,0,2015/12/23 7:37,,2018/3/20 2:59
640,,,,,F5448A46CDC9958DD33FFD9A1FABE59E,1,0,0,0,2015/12/23 7:37,,2018/3/20 2:59
641,,,,,A4884A17294A3888A75009657B1C289B,1,0,0,0,2015/12/23 7:37,,2018/3/20 2:59
642,,,,,84AB71951977B777385AFDB223D2289D,1,0,0,0,2015/12/23 7:37,,2018/3/20 2:59
643,,,,,A8C2B10E4286ADF8C39F7FDD9069DF0E,1,0,0,0,2015/12/23 7:37,,2018/3/20 2:59
644,,,,,39EBE722DA848958E7DBD868861FB724,1,0,0,0,2015/12/23 7:37,,2018/3/20 2:59
645,,,,,39B4A808533B4177DC7E07A1F1E6AA38,1,0,0,0,2015/12/23 7:37,,2018/3/20 2:59
646,,,,,3B5D0AF1ADDDDCB6E05FA8899D06A794,1,0,0,0,2015/12/23 7:37,,2018/3/20 2:59
647,,,,,484A39656B8D7E9F65A19B07F747C9B7,1,0,0,0,2015/12/23 7:37,,2018/3/20 2:59
648,,,,,6568B10C3BE5AB8D0A8E34256E4AEA9C,1,0,0,0,2015/12/23 7:37,,2018/3/20 2:59
649,,,,,A4DBD53F43B8C6B6A77899F05C8DA3BB,1,0,0,0,2015/12/23 7:37,,2018/3/20 2:59
650,,,,,2D4F961F39B215CD63C7711252416F08,1,0,0,0,2015/12/23 7:37,,2018/3/20 2:59
651,,,,,66550A117D7E78F109D1A55F900CF4A0,1,0,0,0,2015/12/23 7:37,,2018/3/20 2:59
652,,,,,300CDD8EEFA566E4578D3D29A288FA78,1,0,0,0,2015/12/23 7:37,,2018/3/20 2:59
653,,,,,C40774587FEBD8E5F0103362BFC91B37,1,0,0,0,2015/12/23 7:37,,2018/3/20 2:59
654,,,,,59976B28BB45723B34022A2E29AED8D4,1,0,0,0,2015/12/23 7:37,,2018/3/20 2:59
655,,,,,F74775AF358F0DA53BDF853AB557CF28,1,0,0,0,2015/12/23 7:37,,2018/3/20 2:59
656,,,,,87EFD4E65F7A0973DE5BE58CD24CC815,1,0,0,0,2015/12/23 7:37,,2018/3/20 2:59
657,,,,,281114B129E74F9F6147E322462B1D72,1,0,0,0,2015/12/23 7:37,,2018/3/20 2:59
658,,,,,051EEE62BEC02D41F7A6CF61E2185782,1,0,0,0,2015/12/23 7:37,,2018/3/20 2:59
659,,,,,92F355E62580CA34FB63C04E61BB85DB,1,0,0,0,2015/12/23 7:37,,2018/3/20 2:59
660,,,,,3807D56981CE7FC1D179EEAF844521E6,1,0,0,0,2015/12/23 7:37,,2018/3/20 2:59
661,,,,,55695AE4177764458F834B23FF1CFCF7,1,0,0,0,2015/12/23 7:37,,2018/3/20 2:59
662,,,,,EE36B35667BE9758E0430E042646C1E3,1,0,0,0,2015/12/23 7:37,,2018/3/20 2:59
663,,,,,8EDE50A69B93BA644566AE1068673594,1,0,0,0,2015/12/23 7:37,,2018/3/20 2:59
664,,,,,8FBC6C797CBCB5D0652CFDDAEBECFA88,1,0,0,0,2015/12/23 7:37,,2018/3/20 2:59
665,,,,,278E58AFAFE7D6F2A889705E532B39FC,1,0,0,0,2015/12/23 7:37,,2018/3/20 2:59
666,,,,,1060DCB88CC7862B16485E940DF2503F,1,0,0,0,2015/12/23 7:37,,2018/3/20 2:59
667,,,,,E601ED3BA1389A1B94FC86AE9DD75BE2,1,0,0,0,2015/12/23 7:37,,2018/3/20 2:59
668,,,,,90247C8A838ADC18C765220C6245F4C0,1,0,0,0,2015/12/23 7:37,,2018/3/20 2:59
669,,,,,FB3D45BA8EE8B7CD35109BCE2FC15EE2,1,0,0,0,2015/12/23 7:37,,2018/3/20 2:59
670,,,,,B4C36EC712406B1E9DA483A310D7A19A,1,0,0,0,2015/12/23 7:37,,2018/3/20 2:59
671,,,,,26BDB0B95DDFE7311E00A5847DA8A857,1,0,0,0,2015/12/23 7:37,,2018/3/20 2:59
672,,,,,97FCD711BC67DEA497ACEF08556C9FED,1,0,0,0,2015/12/23 7:37,,2018/3/20 2:59
673,,,,,5FB8D9BB02A3A9A88FAD96DFF4E17535,1,0,0,0,2015/12/23 7:37,,2018/3/20 2:59
674,,,,,F13C5AB72867E58857A629FF8CBC6DB5,1,0,0,0,2015/12/23 7:37,,2018/3/20 2:59
675,,,,,622681700B2D84372D99FC5A94ADDDA0,1,0,0,0,2015/12/23 7:37,,2018/3/20 2:59
676,,,,,F705637CCBF4636B0E8CB93077D727FC,1,0,0,0,2015/12/23 7:37,,2018/3/20 2:59
677,,,,,894EB9DA4483BFD06077BB8B3C6153D1,1,0,0,0,2015/12/23 7:37,,2018/3/20 2:59
678,,,,,EFB031CDA0115C3A8DD18DF71C84ACD6,1,0,0,0,2015/12/23 7:37,,2018/3/20 2:59
679,,,,,7948CD7F8046FA5036278613EEA9DDB4,1,0,0,0,2015/12/23 7:37,,2018/3/20 2:59
680,,,,,1237471B8AD7B4E701348049E0802728,1,0,0,0,2015/12/23 7:37,,2018/3/20 2:59
681,,,,,E95C7AF35141CEB60A184EB38C961EA2,1,0,0,0,2015/12/23 7:37,,2018/3/20 2:59
682,,,,,1F7A4FA7C528066221817132D7331D06,1,0,0,0,2015/12/23 7:37,,2018/3/20 2:59
683,,,,,7546C7446424650DD97860FAEA46A7BF,1,0,0,0,2015/12/23 7:37,,2018/3/20 2:59
684,,,,,D29A69C5355AF1DFAC7C76D029B4FB16,1,0,0,0,2015/12/23 7:37,,2018/3/20 2:59
685,,,,,9356C5ACDFFF0811083ECD69E45490FF,1,0,0,0,2015/12/23 7:37,,2018/3/20 2:59
686,,,,,F7A9F8CEE81081208435BEE221FA5E40,1,0,0,0,2015/12/23 7:37,,2018/3/20 2:59
687,,,,,F5CA8AD0D5D9E2C792646FF302949E97,1,0,0,0,2015/12/23 7:37,,2018/3/20 2:59
688,,,,,7D715890187701C541130C818F0F9326,1,0,0,0,2015/12/23 7:37,,2018/3/20 2:59
689,,,,,2D42BAC02B032EBEEAF1B17E6C1C42C9,1,0,0,0,2015/12/23 7:37,,2018/3/20 2:59
690,,,,,67811147CD26D1AF5BE451EA83B1941A,1,0,0,0,2015/12/23 7:37,,2018/3/20 2:59
691,,,,,07580432CBE10ECD0274381CC0675D06,1,0,0,0,2015/12/23 7:37,,2018/3/20 2:59
692,,,,,95E436DDFBDCE93D40F4CF1A2093EEFD,1,0,0,0,2015/12/23 7:37,,2018/3/20 2:59
693,,,,,2D4170154CB31E8A34A04CA4BD46BF87,1,0,0,0,2015/12/23 7:37,,2018/3/20 2:59
694,,,,,242A75C7239B12F32C56CCA4E42869FB,1,0,0,0,2015/12/23 7:37,,2018/3/20 2:59
695,,,,,9A55946A69F7C81CCA6DDFE78457B504,1,0,0,0,2015/12/23 7:37,,2018/3/20 2:59
696,,,,,CE2F09EF99A85F57FC9A71957D78A615,1,0,0,0,2015/12/23 7:37,,2018/3/20 2:59
697,,,,,FAA7359A0B181BB79A3746CDD09198DB,1,0,0,0,2015/12/23 7:37,,2018/3/20 2:59
698,,,,,E7B36EB836ADFE9A725C5A4CF69BD979,1,0,0,0,2015/12/23 7:37,,2018/3/20 2:59
699,,,,,B469B816607CC9B9C1C9F74A0D0C62F4,1,0,0,0,2015/12/23 7:37,,2018/3/20 2:59
700,,,,,7F3E92BE31DA49BD7F9FE281A3142B11,1,0,0,0,2015/12/23 7:37,,2018/3/20 2:59
701,,,,,4F42238F4C54D2E6FFDF12061E20957B,1,0,0,0,2015/12/23 7:37,,2018/3/20 2:59
702,,,,,94BAEED4E5FC4CBBE48EFE37D1FAFBCB,1,0,0,0,2015/12/23 7:37,,2018/3/20 2:59
703,,,,,C5A5EB0D4828A63266F3388C0F9AE3CC,1,0,0,0,2015/12/23 7:37,,2018/3/20 2:59
704,,,,,F09638192070B1F1F139485A18D49AF8,1,0,0,0,2015/12/23 7:37,,2018/3/20 2:59
705,,,,,6745B128C5550F069F12C38EC10B77A1,1,0,0,0,2015/12/23 7:37,,2018/3/20 2:59
706,,,,,7C1CD906384469CC9AFD0F021007168E,1,0,0,0,2015/12/23 7:37,,2018/3/20 2:59
707,,,,,39F24F17FF7CFC38871E80A219631DFC,1,0,0,0,2015/12/23 7:37,,2018/3/20 2:59
708,,,,,7B605253455C896E33939EA09FB9730E,1,0,0,0,2015/12/23 7:37,,2018/3/20 2:59
709,,,,,362A8BDB6EA9CD77EFC099FE7E80315B,1,0,0,0,2015/12/23 7:37,,2018/3/20 2:59
710,,,,,16D9100AF7EE0E7DAD9C0777262DCBF5,1,0,0,0,2015/12/23 7:37,,2018/3/20 2:59
711,,,,,E229DF73385543F6CED1C1CC17702F91,1,0,0,0,2015/12/23 7:37,,2018/3/20 2:59
712,,,,,38EF308B7D039F0509DA1768C4F9DB72,1,0,0,0,2015/12/23 7:37,,2018/3/20 2:59
713,,,,,E6CDDCF96AB9B45EC04DD9ADAEFA5126,1,0,0,0,2015/12/23 7:37,,2018/3/20 2:59
714,,,,,5F5D4E260BDA2B072EF8C43FD805B5E7,1,0,0,0,2015/12/23 7:37,,2018/3/20 2:59
715,,,,,A95AF6BABE5559DA1CF4E85C421BAF0C,1,0,0,0,2015/12/23 7:37,,2018/3/20 2:59
716,,,,,6B1A8C64D8FADD8C4CD1CBEBDE1633B3,1,0,0,0,2015/12/23 7:37,,2018/3/20 2:59
717,,,,,5A1C3F168044B80CDEEDFD7E0B8A0263,1,0,0,0,2015/12/23 7:37,,2018/3/20 2:59
718,,,,,A41C9E6B042B1BE9EB984EBDF5853B00,1,0,0,0,2015/12/23 7:37,,2018/3/20 2:59
719,,,,,08FCD6A118E99F9178E11F89FCEE2282,1,0,0,0,2015/12/23 7:37,,2018/3/20 2:59
720,,,,,69240774C526CC3894DFCDDEB4F801A2,1,0,0,0,2015/12/23 7:37,,2018/3/20 2:59
721,,,,,BB7DCBFBE43CB1F873979A295F7F615C,1,0,0,0,2015/12/23 7:37,,2018/3/20 2:59
722,,,,,DF5D1133AC7AEF43AF0F00F631E62052,1,0,0,0,2015/12/23 7:37,,2018/3/20 2:59
723,,,,,55662AC68A81ABD0E269CA961AEB1643,1,0,0,0,2015/12/23 7:37,,2018/3/20 2:59
724,,,,,395200935A8D1E6F794D54F64A851344,1,0,0,0,2015/12/23 7:37,,2018/3/20 2:59
725,,,,,76F24EBD50ABB3ECA9E432D28D892482,1,0,0,0,2015/12/23 7:37,,2018/3/20 2:59
726,,,,,2A9D5CBB679B0B5CC38666ADE3371413,1,0,0,0,2015/12/23 7:37,,2018/3/20 2:59
727,,,,,7B84CA90D0EA1E40BDA5FC8B34956DE3,1,0,0,0,2015/12/23 7:37,,2018/3/20 2:59
728,,,,,10966181C1793269F32094E9DDCD2F32,1,0,0,0,2015/12/23 7:37,,2018/3/20 2:59
729,,,,,15AA755D39224C0CFF8A8870B7A5FB3D,1,0,0,0,2015/12/23 7:37,,2018/3/20 2:59
730,,,,,D12EA9167CB89ACA14CC5BC61896AFD5,1,0,0,0,2015/12/23 7:37,,2018/3/20 2:59
731,,,,,EBE3A84C40A60674B3BA6E5E567FF2E6,1,0,0,0,2015/12/23 7:37,,2018/3/20 2:59
732,,,,,CC0ADA804841AD3424232C83B578FF0C,1,0,0,0,2015/12/23 7:37,,2018/3/20 2:59
733,,,,,5CFFCC77F4D8687E3E10DCC762815734,1,0,0,0,2015/12/23 7:37,,2018/3/20 2:59
734,,,,,D9FF56CC63E1D0F7727A1E31C93C9663,1,0,0,0,2015/12/23 7:37,,2018/3/20 2:59
735,,,,,7888D71FC21A9E47BFE7ED72C6FB6471,1,0,0,0,2015/12/23 7:37,,2018/3/20 2:59
736,,,,,D9FF52BBE233F48DF7A274237BF697F4,1,0,0,0,2015/12/23 7:37,,2018/3/20 2:59
737,,,,,B54D06EDE120554CD020AB1585546F0C,1,0,0,0,2015/12/23 7:37,,2018/3/20 2:59
738,,,,,733C2DCC47811387253A303D6E9C8F37,1,0,0,0,2015/12/23 7:37,,2018/3/20 2:59
739,,,,,83924AB9F5F57B73EA490602EA570EE8,1,0,0,0,2015/12/23 7:37,,2018/3/20 2:59
740,,,,,44F590E680CA1C3B22850CEF502A19A8,1,0,0,0,2015/12/23 7:37,,2018/3/20 2:59
741,,,,,CA1A9D53422D582915DF4D6CE5869876,1,0,0,0,2015/12/23 7:37,,2018/3/20 2:59
742,,,,,B81C2F35A2EB5B0C07D2AB0F211591AA,1,0,0,0,2015/12/23 7:37,,2018/3/20 2:59
743,,,,,C2E3A28BFD9DE4BECCA2710662BCD040,1,0,0,0,2015/12/23 7:37,,2018/3/20 2:59
744,,,,,A9ED95179FC51B1BEEFBB30C4BDD0DE7,1,0,0,0,2015/12/23 7:37,,2018/3/20 2:59
745,,,,,4D6D74DA9EC14216A224BF1C04C35699,1,0,0,0,2015/12/23 7:37,,2018/3/20 2:59
746,,,,,27E22ED7CC353078F467FE75A2D80E03,1,0,0,0,2015/12/23 7:37,,2018/3/20 2:59
747,,,,,19021922F064DF519747E1912A3F951D,1,0,0,0,2015/12/23 7:37,,2018/3/20 2:59
748,,,,,9374BC59472E5149BDEDFCE51065105C,1,0,0,0,2015/12/23 7:37,,2018/3/20 2:59
749,,,,,3BB690C240B0336CF4ACD56C7318CC9C,1,0,0,0,2015/12/23 7:37,,2018/3/20 2:59
750,,,,,2AA79163A74485EEBEA86106DAC865F4,1,0,0,0,2015/12/23 7:37,,2018/3/20 2:59
751,,,,,73D4F48844F695684C352047AB63A0B3,1,0,0,0,2015/12/23 7:37,,2018/3/20 2:59
752,,,,,3062564E3E766F5A3D2C13AA1998A011,1,0,0,0,2015/12/23 7:37,,2018/3/20 2:59
753,,,,,2F3DE96053F03209A25D869C1ED8FF3E,1,0,0,0,2015/12/23 7:37,,2018/3/20 2:59
754,,,,,74ABD05ACE5E3A217BC6887B0FF5FFE6,1,0,0,0,2015/12/23 7:37,,2018/3/20 2:59
755,,,,,D970FED45B5BD33702DA3C17B15E27F1,1,0,0,0,2015/12/23 7:37,,2018/3/20 2:59
756,,,,,846C1F13779D55DE200C39D8297790FD,1,0,0,0,2015/12/23 7:37,,2018/3/20 2:59
757,,,,,7E40FAA3EEE89955A03A77F0C671665B,1,0,0,0,2015/12/23 7:37,,2018/3/20 2:59
758,,,,,1F9CA0F58ADF6C27CBB825FA9C9F651A,1,0,0,0,2015/12/23 7:37,,2018/3/20 2:59
759,,,,,8A06FC0DD054E3CA495F4FE39181EEB0,1,0,0,0,2015/12/23 7:37,,2018/3/20 2:59
760,,,,,8DFEB41BF088412FBF5FE98CCD1B1ED0,1,0,0,0,2015/12/23 7:37,,2018/3/20 2:59
761,,,,,8546F4C420CA7EBAFEFFE090C887F4C9,1,0,0,0,2015/12/23 7:37,,2018/3/20 2:59
762,,,,,D1A61A6E931E73B95B9EF855F097FCEC,1,0,0,0,2015/12/23 7:37,,2018/3/20 2:59
763,,,,,1A9ADB9050E15F0B6A98BA1C739A99AF,1,0,0,0,2015/12/23 7:37,,2018/3/20 2:59
764,,,,,A662BF0B188E3BB8B41351CAACBBC5EC,1,0,0,0,2015/12/23 7:37,,2018/3/20 2:59
765,,,,,96646E9219AC9F1BDC63CB33E17A2968,1,0,0,0,2015/12/23 7:37,,2018/3/20 2:59
766,,,,,11C38AD6B7A26A87BE600E226748EB2D,1,0,0,0,2015/12/23 7:37,,2018/3/20 2:59
767,,,,,C38851E9A0597994FD2441B192ADA333,1,0,0,0,2015/12/23 7:37,,2018/3/20 2:59
768,,,,,D716C8761A2BDB79D809CF5FFA7F80D0,1,0,0,0,2015/12/23 7:37,,2018/3/20 2:59
769,,,,,A4583D6A1D7C665B5E3427318A8053E4,1,0,0,0,2015/12/23 7:37,,2018/3/20 2:59
770,,,,,E8A8404185C3EEF79323A608BF5B91EB,1,0,0,0,2015/12/23 7:37,,2018/3/20 2:59
771,,,,,250293E0434B1E01BBEB60AAFDC8AC4A,1,0,0,0,2015/12/23 7:37,,2018/3/20 2:59
772,,,,,6BDD2D6079D01E58379FE8417B4F253C,1,0,0,0,2015/12/23 7:37,,2018/3/20 2:59
773,,,,,3B418A3F7D5B9ACFF4BE73AE5A1668F2,1,0,0,0,2015/12/23 7:37,,2018/3/20 2:59
774,,,,,441D821DEFBF4DB09231C931A4BB9061,1,0,0,0,2015/12/23 7:37,,2018/3/20 2:59
775,,,,,47EE05FFE191A285AE2BAD0CFCDDCE6B,1,0,0,0,2015/12/23 7:37,,2018/3/20 2:59
776,,,,,7A9961D6988EB2F23CADAF9BAE145078,1,0,0,0,2015/12/23 7:37,,2018/3/20 2:59
777,,,,,224F51C4B8478AC05418F5A43F14A29C,1,0,0,0,2015/12/23 7:37,,2018/3/20 2:59
778,,,,,369736F482F90BE727B06B0E28200D4A,1,0,0,0,2015/12/23 7:37,,2018/3/20 2:59
779,,,,,D2B99DEC45EF47F3CCBCCA21CED99ED7,1,0,0,0,2015/12/23 7:37,,2018/3/20 2:59
780,,,,,7B7CCA7FA3A692EDBED850C18BCEF7AE,1,0,0,0,2015/12/23 7:37,,2018/3/20 2:59
781,,,,,092D8AE940535796B12517324495DCD3,1,0,0,0,2015/12/23 7:37,,2018/3/20 2:59
782,,,,,692E5B241522A9BC54A61547C6A4A849,1,0,0,0,2015/12/23 7:37,,2018/3/20 2:59
783,,,,,7987CEC3E3763EE86EB0BFB76F0940C0,1,0,0,0,2015/12/23 7:37,,2018/3/20 2:59
784,,,,,3C46D2037A5E6F07261359C2E43E9985,1,0,0,0,2015/12/23 7:37,,2018/3/20 2:59
785,,,,,3901DEF9CB2B0EEC26D573C6C9BADB4F,1,0,0,0,2015/12/23 7:37,,2018/3/20 2:59
786,,,,,A1C62561D6919C26D0B09282DA8E448A,1,0,0,0,2015/12/23 7:37,,2018/3/20 2:59
787,,,,,FE8BEA5DE391E9B18221DE8A6902C236,1,0,0,0,2015/12/23 7:37,,2018/3/20 2:59
788,,,,,981E1F9EECBE11CACA67BB5C2664D7C6,1,0,0,0,2015/12/23 7:37,,2018/3/20 2:59
789,,,,,4A3D0887045F93568322AD4B45A9B487,1,0,0,0,2015/12/23 7:37,,2018/3/20 2:59
790,,,,,E8F1CAFBD5FE089FD5BE9DF116072729,1,0,0,0,2015/12/23 7:37,,2018/3/20 2:59
791,,,,,FEF48885A191C291D0D11D496799DD46,1,0,0,0,2015/12/23 7:37,,2018/3/20 2:59
792,,,,,5ABCDEC8F8637797F2289BDE8BE4EB9A,1,0,0,0,2015/12/23 7:37,,2018/3/20 2:59
793,,,,,2DA541C240A6559B3DBF9AE83FD3DFD4,1,0,0,0,2015/12/23 7:37,,2018/3/20 2:59
794,,,,,B485A4FA6869E31D142ACCB5370B4E96,1,0,0,0,2015/12/23 7:37,,2018/3/20 2:59
795,,,,,DEC8974F4C08D79D988C5F75F194D875,1,0,0,0,2015/12/23 7:37,,2018/3/20 2:59
796,,,,,09FC310E0BBE37ABAD1C9BD2E026763D,1,0,0,0,2015/12/23 7:37,,2018/3/20 2:59
797,,,,,DCE5CEEC9175C627BE4EDF7B9F2658D9,1,0,0,0,2015/12/23 7:37,,2018/3/20 2:59
798,,,,,C1CCD5C592DD8CCDC98B50755CD3EE1A,1,0,0,0,2015/12/23 7:37,,2018/3/20 2:59
799,,,,,057498A4A4830BED031BA1D4F580356D,1,0,0,0,2015/12/23 7:37,,2018/3/20 2:59
800,,,,,64C4ADDC98AC349FACB11CB5C684416D,1,0,0,0,2015/12/23 7:37,,2018/3/20 2:59
801,,,,,959BA1A04238DF6E931249F77731A888,1,0,0,0,2015/12/23 7:37,,2018/3/20 2:59
802,,,,,371F212CA3187494F155E2F1B75F8C9A,1,0,0,0,2015/12/23 7:37,,2018/3/20 2:59
803,,,,,4309ACA4093CBBA37A7363F90AC107A6,1,0,0,0,2015/12/23 7:37,,2018/3/20 2:59
804,,,,,9F70FA410F446B2AA49AF787B67A4E8F,1,0,0,0,2015/12/23 7:37,,2018/3/20 2:59
805,,,,,E4AFAA5684D07E2ED4AFA0A31BCB62CA,1,0,0,0,2015/12/23 7:37,,2018/3/20 2:59
806,,,,,1E56FBCED4F04E478523279E39F1EC71,1,0,0,0,2015/12/23 7:37,,2018/3/20 2:59
807,,,,,FFDCAC187AB3CAD65FC228312A6EB2CB,1,0,0,0,2015/12/23 7:37,,2018/3/20 2:59
808,,,,,3F9CA7499FAE1DA760C4F591EF753140,1,0,0,0,2015/12/23 7:37,,2018/3/20 2:59
809,,,,,51A4D6BD5040E9CB35560BC6347E0140,1,0,0,0,2015/12/23 7:37,,2018/3/20 2:59
810,,,,,08804A843CB823D77C29E0B780303C8F,1,0,0,0,2015/12/23 7:37,,2018/3/20 2:59
811,,,,,EF7E52A76B7CD9EFDCF37617E4DD8B59,1,0,0,0,2015/12/23 7:37,,2018/3/20 2:59
812,,,,,201A10F660D951C540E9F06D55F682CD,1,0,0,0,2015/12/23 7:37,,2018/3/20 2:59
813,,,,,EC3FAD477BF8D64E40EF176C0E4E219D,1,0,0,0,2015/12/23 7:37,,2018/3/20 2:59
814,,,,,BC64A573909DB0708AEB98F153D7A5C1,1,0,0,0,2015/12/23 7:37,,2018/3/20 2:59
815,,,,,C65D8DBB7A499B2ACC2AEA11698281A7,1,0,0,0,2015/12/23 7:37,,2018/3/20 2:59
816,,,,,5549CDED575FC14F471428648A29A79E,1,0,0,0,2015/12/23 7:37,,2018/3/20 2:59
817,,,,,2C65FC124D5E4EC3A07325C70E80B2C1,1,0,0,0,2015/12/23 7:37,,2018/3/20 2:59
818,,,,,4411F5ABC5A54D5B95063C90507EAEEE,1,0,0,0,2015/12/23 7:37,,2018/3/20 2:59
819,,,,,7BE93DE52C7DEBB8A23C91105D3B7439,1,0,0,0,2015/12/23 7:37,,2018/3/20 2:59
820,,,,,6BFEF669A223915EE4C6FC15C3B4D5A5,1,0,0,0,2015/12/23 7:37,,2018/3/20 2:59
821,,,,,A87CDC22E80FA71AD7F567C07145D565,1,0,0,0,2015/12/23 7:37,,2018/3/20 2:59
822,,,,,48B16E3E8081B6C1337DE96B8D79A77E,1,0,0,0,2015/12/23 7:37,,2018/3/20 2:59
823,,,,,269F909E44A821C85B4A5C77D63F194A,1,0,0,0,2015/12/23 7:37,,2018/3/20 2:59
824,,,,,492C355C0D2C0E2A62896A539A1EAD70,1,0,0,0,2015/12/23 7:37,,2018/3/20 2:59
825,,,,,87CF4794511B4E70BFEDB983939474A9,1,0,0,0,2015/12/23 7:37,,2018/3/20 2:59
826,,,,,64A3D783D6E5B45E9FFA462B5B41AFA0,1,0,0,0,2015/12/23 7:37,,2018/3/20 2:59
827,,,,,3AC29E140E75068118A054E1F560601B,1,0,0,0,2015/12/23 7:37,,2018/3/20 2:59
828,,,,,297CA0FCD9BB3154C4D00FF182B81EDE,1,0,0,0,2015/12/23 7:37,,2018/3/20 2:59
829,,,,,8979712D99007E5650ADD3A2218600B2,1,0,0,0,2015/12/23 7:37,,2018/3/20 2:59
830,,,,,F9D4B49CDE9DD736450BDBAA2273CE20,1,0,0,0,2015/12/23 7:37,,2018/3/20 2:59
831,,,,,5BD98C21BAA4B074B5481F80EA1CDFE8,1,0,0,0,2015/12/23 7:37,,2018/3/20 2:59
832,,,,,60B8864E304843A65A9C33AA7AC29C22,1,0,0,0,2015/12/23 7:37,,2018/3/20 2:59
833,,,,,C1EDC120A02CC521E8C9FCFD7634C4A4,1,0,0,0,2015/12/23 7:37,,2018/3/20 2:59
834,,,,,63F8195444D96FBBB9E0761A471CFA0F,1,0,0,0,2015/12/23 7:37,,2018/3/20 2:59
835,,,,,DA31A7464E1544E6DDA9585E2B8AF90C,1,0,0,0,2015/12/23 7:37,,2018/3/20 2:59
836,,,,,DDD306815277285FE9EAEA5136017EC5,1,0,0,0,2015/12/23 7:37,,2018/3/20 2:59
837,,,,,B8E706E550E7359EA47FBC5E2FC36E75,1,0,0,0,2015/12/23 7:37,,2018/3/20 2:59
838,,,,,F783E72633757B5F115970B0F0AE2EA8,1,0,0,0,2015/12/23 7:37,,2018/3/20 2:59
839,,,,,8941903A9F25B7E3671463F6DE749BBD,1,0,0,0,2015/12/23 7:37,,2018/3/20 2:59
840,,,,,E891BF508EF3011192E8B9401EDDF523,1,0,0,0,2015/12/23 7:37,,2018/3/20 2:59
841,,,,,A0DEC7066C68077FC712F32CF38ABFC0,1,0,0,0,2015/12/23 7:37,,2018/3/20 2:59
842,,,,,443596A6A51E5532824E22D041FDD159,1,0,0,0,2015/12/23 7:37,,2018/3/20 2:59
843,,,,,B0E765B9BD64FCB2A90D7B2C85F57BD8,1,0,0,0,2015/12/23 7:37,,2018/3/20 2:59
844,,,,,B16D4FF3838C547F9E255A5AC201408B,1,0,0,0,2015/12/23 7:37,,2018/3/20 2:59
845,,,,,DDA9CD77CE97B8D5D2FE596AE74EDDBD,1,0,0,0,2015/12/23 7:37,,2018/3/20 2:59
846,,,,,17E43F0C9E04FB5837C95FFB74A373A4,1,0,0,0,2015/12/23 7:37,,2018/3/20 2:59
847,,,,,9582FB07C9B42EC076C1D9C208950ECE,1,0,0,0,2015/12/23 7:37,,2018/3/20 2:59
848,,,,,0B25D300FD095FBAD2DD6AF3DD718887,1,0,0,0,2015/12/23 7:37,,2018/3/20 2:59
849,,,,,EE5DD07CC0A067C2EE4CE139BA51B3F4,1,0,0,0,2015/12/23 7:37,,2018/3/20 2:59
850,,,,,8DA18450F6304D6096BF596F47BFA781,1,0,0,0,2015/12/23 7:37,,2018/3/20 2:59
851,,,,,50DF0D97A35FB7372C201CB0801A5BFF,1,0,0,0,2015/12/23 7:37,,2018/3/20 2:59
852,,,,,5A023FAE7D2DA042B08F3E6184C167F4,1,0,0,0,2015/12/23 7:37,,2018/3/20 2:59
853,,,,,08CB47519948E13F44E6741415CA38B9,1,0,0,0,2015/12/23 7:37,,2018/3/20 2:59
854,,,,,0BBC83846E70CCF0402773B83F362764,1,0,0,0,2015/12/23 7:37,,2018/3/20 2:59
855,,,,,ACF06E854E7BEDA1916706C2F753516D,1,0,0,0,2015/12/23 7:37,,2018/3/20 2:59
856,,,,,B921A96E5C357C6E0778375C1BACCD68,1,0,0,0,2015/12/23 7:37,,2018/3/20 2:59
857,,,,,FDE6F8800CC5F9D43266E8D317F57370,1,0,0,0,2015/12/23 7:37,,2018/3/20 2:59
858,,,,,38AB019C8822DD6CD337C57997B3B87E,1,0,0,0,2015/12/23 7:37,,2018/3/20 2:59
859,,,,,6D7B85DAB2DEA291F9A867182C5352B5,1,0,0,0,2015/12/23 7:37,,2018/3/20 2:59
860,,,,,69E4BC550AFAA581DC2A5ED7B7570F8C,1,0,0,0,2015/12/23 7:37,,2018/3/20 2:59
861,,,,,659A92E28C9D43CBE409ACC57F567A3A,1,0,0,0,2015/12/23 7:37,,2018/3/20 2:59
862,,,,,E05B4BEA29E4D7EDEA686120627B2B1F,1,0,0,0,2015/12/23 7:37,,2018/3/20 2:59
863,,,,,E5161043992D9E2F317FE8DB40148942,1,0,0,0,2015/12/23 7:37,,2018/3/20 2:59
864,,,,,0400DA05CC90A5D86DF548184B7AD6E4,1,0,0,0,2015/12/23 7:37,,2018/3/20 2:59
865,,,,,2690723E249216F27CF2A3655A6F0571,1,0,0,0,2015/12/23 7:37,,2018/3/20 2:59
866,,,,,E5798A0A7F3B788CD50DBEBAA916D4E4,1,0,0,0,2015/12/23 7:37,,2018/3/20 2:59
867,,,,,98EC220F055ACDC791CF653C37E5D102,1,0,0,0,2015/12/23 7:37,,2018/3/20 2:59
868,,,,,14B49F0F0E3687FF7B846DCD09248478,1,0,0,0,2015/12/23 7:37,,2018/3/20 2:59
869,,,,,EC35CD4C65C1978E6BB2CFA32FF6B146,1,0,0,0,2015/12/23 7:37,,2018/3/20 2:59
870,,,,,0BF5C86F657C1FEBC18020793539B9E9,1,0,0,0,2015/12/23 7:37,,2018/3/20 2:59
871,,,,,143E674A055462793273651318EFFF30,1,0,0,0,2015/12/23 7:37,,2018/3/20 2:59
872,,,,,338319B73D78A997A1BBA5D8CFD70720,1,0,0,0,2015/12/23 7:37,,2018/3/20 2:59
873,,,,,4AC72E7A56F8036C401CC34E55590846,1,0,0,0,2015/12/23 7:37,,2018/3/20 2:59
874,,,,,2C7C07642ECEDE07F0C7E124F0638818,1,0,0,0,2015/12/23 7:37,,2018/3/20 2:59
875,,,,,7B0302485BA7FD61750C9B311D909FB8,1,0,0,0,2015/12/23 7:37,,2018/3/20 2:59
876,,,,,C162670AD9CE77BF61085AE9FF516EFA,1,0,0,0,2015/12/23 7:37,,2018/3/20 2:59
877,,,,,7D92949A40F06BD0550CAFAA59F67E41,1,0,0,0,2015/12/23 7:37,,2018/3/20 2:59
878,,,,,8491A03B5AF25F1634C40B2DAE2063BD,1,0,0,0,2015/12/23 7:37,,2018/3/20 2:59
879,,,,,FF306301A39BB827AD4EBBFC5A5AA158,1,0,0,0,2015/12/23 7:37,,2018/3/20 2:59
880,,,,,7EDF680DC1620E0A82EB15714A9781CD,1,0,0,0,2015/12/23 7:37,,2018/3/20 2:59
881,,,,,9D38D926BF1223BFF43ECAD5D6888528,1,0,0,0,2015/12/23 7:37,,2018/3/20 2:59
882,,,,,4440EDD368CE09DEA9A8069224AF1781,1,0,0,0,2015/12/23 7:37,,2018/3/20 2:59
883,,,,,D439619CCC89EA74BB7B2623B0348503,1,0,0,0,2015/12/23 7:37,,2018/3/20 2:59
884,,,,,EDFBBB773B921ED43B15F8CAD8DCF0B8,1,0,0,0,2015/12/23 7:37,,2018/3/20 2:59
885,,,,,93FFBBD07FD2DA7E529619DBF8699927,1,0,0,0,2015/12/23 7:37,,2018/3/20 2:59
886,,,,,0CBDA356EBA885F18D9D26AF3EF69D95,1,0,0,0,2015/12/23 7:37,,2018/3/20 2:59
887,,,,,543C5BB9F6D5A1549243BE9CD9C9F9CC,1,0,0,0,2015/12/23 7:37,,2018/3/20 2:59
888,,,,,D50496C018A6AB7F5B6431946E942910,1,0,0,0,2015/12/23 7:37,,2018/3/20 2:59
889,,,,,F9ACF788499EF52F07979FF220579EF8,1,0,0,0,2015/12/23 7:37,,2018/3/20 2:59
890,,,,,55891C6DB5823722C1AA46A19D47EB83,1,0,0,0,2015/12/23 7:37,,2018/3/20 2:59
891,,,,,6A4D423144D7D7E6CF385C1EEDCBA6B7,1,0,0,0,2015/12/23 7:37,,2018/3/20 2:59
892,,,,,5629B095534B395E49F608C4E72F46A0,1,0,0,0,2015/12/23 7:37,,2018/3/20 2:59
893,,,,,83F75EE6FF3EC926EE47AA8F7FA1843E,1,0,0,0,2015/12/23 7:37,,2018/3/20 2:59
894,,,,,875D8AD7BF42EED230B067CB8D40CEA4,1,0,0,0,2015/12/23 7:37,,2018/3/20 2:59
895,,,,,9ACD6B5465887C07CD0981B465840F4D,1,0,0,0,2015/12/23 7:37,,2018/3/20 2:59
896,,,,,D0557864017E33C8FE67C70B890E17F3,1,0,0,0,2015/12/23 7:37,,2018/3/20 2:59
897,,,,,06C877FC59958ABF0B59F0495FAD0259,1,0,0,0,2015/12/23 7:37,,2018/3/20 2:59
898,,,,,DFBFC040A4964C4E601ACFF63E738845,1,0,0,0,2015/12/23 7:37,,2018/3/20 2:59
899,,,,,130F1C1441FA3A20EB1F28C296D4E131,1,0,0,0,2015/12/23 7:37,,2018/3/20 2:59
900,,,,,CC1B866FFEAF167360BF892091CD2640,1,0,0,0,2015/12/23 7:37,,2018/3/20 2:59
901,,,,,5ADD3090D267DC24346AE9BF399B9684,1,0,0,0,2015/12/23 7:37,,2018/3/20 2:59
902,,,,,46AFD1799B93D93395EEC2680C975AC6,1,0,0,0,2015/12/23 7:37,,2018/3/20 2:59
903,,,,,DB2014D0D5939B670678905A7A3993A6,1,0,0,0,2015/12/23 7:37,,2018/3/20 2:59
904,,,,,DEC887FD9F85C1996733BFA94F4927B6,1,0,0,0,2015/12/23 7:37,,2018/3/20 2:59
905,,,,,7585145218404919082E174102A8F931,1,0,0,0,2015/12/23 7:37,,2018/3/20 2:59
906,,,,,3A1DA163FE7FC9478F9F7D97CC54095F,1,0,0,0,2015/12/23 7:37,,2018/3/20 2:59
907,,,,,3543A5B5F7EE8C4B553036C49BCAC68D,1,0,0,0,2015/12/23 7:37,,2018/3/20 2:59
908,,,,,A0766AE20C405BE478ABE8DD680F2FA7,1,0,0,0,2015/12/23 7:37,,2018/3/20 2:59
909,,,,,B2995613FE9FDD42C3951FB098B74BCB,1,0,0,0,2015/12/23 7:37,,2018/3/20 2:59
910,,,,,A9386F1F3BB8654DBB247A24D163F9E5,1,0,0,0,2015/12/23 7:37,,2018/3/20 2:59
911,,,,,AEEB3472A9A8F866957C2549F331C30F,1,0,0,0,2015/12/23 7:37,,2018/3/20 2:59
912,,,,,B2A39509DE78CE600BD19C205988DB69,1,0,0,0,2015/12/23 7:37,,2018/3/20 2:59
913,,,,,6DE3994996188FE687D0CB3F8379879E,1,0,0,0,2015/12/23 7:37,,2018/3/20 2:59
914,,,,,0670282F2BA2A7985F34B7DB5D8D1BB7,1,0,0,0,2015/12/23 7:37,,2018/3/20 2:59
915,,,,,70DEF1A3700E115FB1297A56C507ED6E,1,0,0,0,2015/12/23 7:37,,2018/3/20 2:59
916,,,,,E4A9E98457B958259AD5289999F3DC8B,1,0,0,0,2015/12/23 7:37,,2018/3/20 2:59
917,,,,,480BE2F857C5AB6DDF168921D31E3D27,1,0,0,0,2015/12/23 7:37,,2018/3/20 2:59
918,,,,,FCBE07FD95A21BD9CC27768B8156B4BD,1,0,0,0,2015/12/23 7:37,,2018/3/20 2:59
919,,,,,161A06AE33CC7C5CDBD8A0A405821D36,1,0,0,0,2015/12/23 7:37,,2018/3/20 2:59
920,,,,,FC0827D83DF238AB0ADF32232B1CC91F,1,0,0,0,2015/12/23 7:37,,2018/3/20 2:59
921,,,,,4F0432AD27B35A66280F46DBE601FA5C,1,0,0,0,2015/12/23 7:37,,2018/3/20 2:59
922,,,,,4D6B49D4A3EBFAEB4535908E1869EBD9,1,0,0,0,2015/12/23 7:37,,2018/3/20 2:59
923,,,,,0681B034616C016E7BAEE0F5F436B73E,1,0,0,0,2015/12/23 7:37,,2018/3/20 2:59
924,,,,,B8E174471934952819762DE536E0376B,1,0,0,0,2015/12/23 7:37,,2018/3/20 2:59
925,,,,,8F2253258493F15E052C807BED28EA17,1,0,0,0,2015/12/23 7:37,,2018/3/20 2:59
926,,,,,566D79045EECD3893FDD0A3243C2C6BF,1,0,0,0,2015/12/23 7:37,,2018/3/20 2:59
927,,,,,8FADBC349CD6B194C196C91162DD2A77,1,0,0,0,2015/12/23 7:37,,2018/3/20 2:59
928,,,,,5450658BB71B5E178BB437FA14C3A761,1,0,0,0,2015/12/23 7:37,,2018/3/20 2:59
929,,,,,9229B6475235E2035D970486694BA06D,1,0,0,0,2015/12/23 7:37,,2018/3/20 2:59
930,,,,,DD96524684E7A6075B6745C9AC82C629,1,0,0,0,2015/12/23 7:37,,2018/3/20 2:59
931,,,,,53D57950302F3625EC1D915587B8E944,1,0,0,0,2015/12/23 7:37,,2018/3/20 2:59
932,,,,,6DBC519E0D48CAF83CFAA2589525A439,1,0,0,0,2015/12/23 7:37,,2018/3/20 2:59
933,,,,,13530B2B70EA9030304252E3B60CF86A,1,0,0,0,2015/12/23 7:37,,2018/3/20 2:59
934,,,,,B01DFE1D04B15FAA6D487F984AAD4976,1,0,0,0,2015/12/23 7:37,,2018/3/20 2:59
935,,,,,552CB8B31C709539D7D596E32DB8031F,1,0,0,0,2015/12/23 7:37,,2018/3/20 2:59
936,,,,,B94D2755CE6B89F63EA4DAE7209EADBB,1,0,0,0,2015/12/23 7:37,,2018/3/20 2:59
937,,,,,6A650BD96C58B2EDE2D2F10AEB03EB9C,1,0,0,0,2015/12/23 7:37,,2018/3/20 2:59
938,,,,,B0501B275B32C4F96AB27D83DDAC4D8E,1,0,0,0,2015/12/23 7:37,,2018/3/20 2:59
939,,,,,60D02AFF759D592E11BEB492C6AABB0D,1,0,0,0,2015/12/23 7:37,,2018/3/20 2:59
940,,,,,9E64628F49E807E46827AC2112B4FB42,1,0,0,0,2015/12/23 7:37,,2018/3/20 2:59
941,,,,,9AEF48D392F1FE189F1DED602240ED1F,1,0,0,0,2015/12/23 7:37,,2018/3/20 2:59
942,,,,,BEE13AC7CC2470835AC367BDA7F3A439,1,0,0,0,2015/12/23 7:37,,2018/3/20 2:59
943,,,,,C8D352042434AC06C6ED80AEB4844BE3,1,0,0,0,2015/12/23 7:37,,2018/3/20 2:59
944,,,,,584E46BC31EF5F3FC9043EA9F71B42AE,1,0,0,0,2015/12/23 7:37,,2018/3/20 2:59
945,,,,,644F226BB2C84FB514C0EBECE45525FB,1,0,0,0,2015/12/23 7:37,,2018/3/20 2:59
946,,,,,22C2DDCF57E128AF7F7C737D30ED82EE,1,0,0,0,2015/12/23 7:37,,2018/3/20 2:59
947,,,,,A428BEB5AD2B220D9E495455139762E2,1,0,0,0,2015/12/23 7:37,,2018/3/20 2:59
948,,,,,CF61AA653D02840B4E0A6C01E359C5A0,1,0,0,0,2015/12/23 7:37,,2018/3/20 2:59
949,,,,,F6701D4B56CE5DDAB20FCF9FCC7BDACB,1,0,0,0,2015/12/23 7:37,,2018/3/20 2:59
950,,,,,15E47ED12D6342650367031E9C68A187,1,0,0,0,2015/12/23 7:37,,2018/3/20 2:59
951,,,,,6650FF45E7260449025138D2F3675DB5,1,0,0,0,2015/12/23 7:37,,2018/3/20 2:59
952,,,,,B0C55D46B9FA87A6BEFC6344F83077C4,1,0,0,0,2015/12/23 7:37,,2018/3/20 2:59
953,,,,,64B963E5467344E879F6B441AEB01414,1,0,0,0,2015/12/23 7:37,,2018/3/20 2:59
954,,,,,33C406768568A0797A65059F61D233EC,1,0,0,0,2015/12/23 7:37,,2018/3/20 2:59
955,,,,,52D10880D1AD6C82DEAB01A28CC019A9,1,0,0,0,2015/12/23 7:37,,2018/3/20 2:59
956,,,,,DB9F61366DB1017C883061717156D075,1,0,0,0,2015/12/23 7:37,,2018/3/20 2:59
957,,,,,E5550AE993A9F90D90B5FF2AF9F4506A,1,0,0,0,2015/12/23 7:37,,2018/3/20 2:59
958,,,,,8F0698887EDB2651F5E05E34D4B636BB,1,0,0,0,2015/12/23 7:37,,2018/3/20 2:59
959,,,,,A0D8E5B596F27B26790291B8F56BC4BC,1,0,0,0,2015/12/23 7:37,,2018/3/20 2:59
960,,,,,04A22349213D7FF24969BA2E48B2F952,1,0,0,0,2015/12/23 7:37,,2018/3/20 2:59
961,,,,,5854346B3840C3E6B71E51E5C5051D03,1,0,0,0,2015/12/23 7:37,,2018/3/20 2:59
962,,,,,FFDD46D4A5B9F415AAAA8AD3A42FF615,1,0,0,0,2015/12/23 7:37,,2018/3/20 2:59
963,,,,,07F9BBE48C6C0CBBC121A9B77E5C8E02,1,0,0,0,2015/12/23 7:37,,2018/3/20 2:59
964,,,,,76A7DB08759E229321A24A1B45C435C0,1,0,0,0,2015/12/23 7:37,,2018/3/20 2:59
965,,,,,732E096026A3500096CB48AC9B92AEA9,1,0,0,0,2015/12/23 7:37,,2018/3/20 2:59
966,,,,,43127811D063EBB733DE54183A3BABC0,1,0,0,0,2015/12/23 7:37,,2018/3/20 2:59
967,,,,,97B8B49613D41A4FAE882BAFE15AA77D,1,0,0,0,2015/12/23 7:37,,2018/3/20 2:59
968,,,,,FC327800E6F5B7F6A7BD8E51A6F68FB7,1,0,0,0,2015/12/23 7:37,,2018/3/20 2:59
969,,,,,165F82E04D4CA00F03B21310BC2A366E,1,0,0,0,2015/12/23 7:37,,2018/3/20 2:59
970,,,,,E04B4D76063B9FB18B3619D30BB5A116,1,0,0,0,2015/12/23 7:37,,2018/3/20 2:59
971,,,,,ADDB0E986120E8F3CF955C9141D3BB1B,1,0,0,0,2015/12/23 7:37,,2018/3/20 2:59
972,,,,,70140789E9DDAEE33C17D103E4E82D6D,1,0,0,0,2015/12/23 7:37,,2018/3/20 2:59
973,,,,,BAA99909867D012E890E5D1ADA89A2E7,1,0,0,0,2015/12/23 7:37,,2018/3/20 2:59
974,,,,,52B460964B56DA98F2C34EC9451A160F,1,0,0,0,2015/12/23 7:37,,2018/3/20 2:59
975,,,,,5D93A308200B4E84B77E104EEC103F54,1,0,0,0,2015/12/23 7:37,,2018/3/20 2:59
976,,,,,8258035321F766A587FDFE4FCB4E3A80,1,0,0,0,2015/12/23 7:37,,2018/3/20 2:59
977,,,,,1404A13B63E9F8B94EFBF0C8C9571376,1,0,0,0,2015/12/23 7:37,,2018/3/20 2:59
978,,,,,C5A351A343C28253CFEE29B4F31F1CED,1,0,0,0,2015/12/23 7:37,,2018/3/20 2:59
979,,,,,9FC7B1B439A4BB441D41F64D9A3ADE2A,1,0,0,0,2015/12/23 7:37,,2018/3/20 2:59
980,,,,,22B8B212EC0E3E2571CCB1A04FC1AA92,1,0,0,0,2015/12/23 7:37,,2018/3/20 2:59
981,,,,,A0C2CB7A5F964E63F4B8EB9EDF30E54A,1,0,0,0,2015/12/23 7:37,,2018/3/20 2:59
982,,,,,224C86E2A66B3AACD4A1CEEDE9E9302F,1,0,0,0,2015/12/23 7:37,,2018/3/20 2:59
983,,,,,C4CBADB6859BEE1EF324A66EC72A0613,1,0,0,0,2015/12/23 7:37,,2018/3/20 2:59
984,,,,,D0C0D43BC0726FADC06A465E45E89680,1,0,0,0,2015/12/23 7:37,,2018/3/20 2:59
985,,,,,EB4E7772C80DAA8521FCA25B86DEF504,1,0,0,0,2015/12/23 7:37,,2018/3/20 2:59
986,,,,,B92758CFE05EC8799DC7117416677814,1,0,0,0,2015/12/23 7:37,,2018/3/20 2:59
987,,,,,754C9661E49EF69E7052E926645FA803,1,0,0,0,2015/12/23 7:37,,2018/3/20 2:59
988,,,,,B7ACF0A514C6BA001A2F39B122E41B49,1,0,0,0,2015/12/23 7:37,,2018/3/20 2:59
989,,,,,36C2491E2E5116D051FEAB8C530A8035,1,0,0,0,2015/12/23 7:37,,2018/3/20 2:59
990,,,,,31C8AD0F457B83518049EA46DC9B0DB7,1,0,0,0,2015/12/23 7:37,,2018/3/20 2:59
991,,,,,ED93B0F2FD0C00E0A0DFA127BE8F77C0,1,0,0,0,2015/12/23 7:37,,2018/3/20 2:59
992,,,,,DDC2369F21D6411F7DFADB0A2082564B,1,0,0,0,2015/12/23 7:37,,2018/3/20 2:59
993,,,,,F85077DD5E7F5E8E50320732E2449F02,1,0,0,0,2015/12/23 7:37,,2018/3/20 2:59
994,,,,,0256E11F8E519EED456E6486BD3D9CAD,1,0,0,0,2015/12/23 7:37,,2018/3/20 2:59
995,,,,,2CEF5080FA7007F35E63F44011F5A695,1,0,0,0,2015/12/23 7:37,,2018/3/20 2:59
996,,,,,58EC408BA32BD1EB05BF1605A1CE2A64,1,0,0,0,2015/12/23 7:37,,2018/3/20 2:59
997,,,,,1628F3A2040F556FFAFCB5D005049782,1,0,0,0,2015/12/23 7:37,,2018/3/20 2:59
998,,,,,37FFA2A44CDCA78BB576A3368BF5DC58,1,0,0,0,2015/12/23 7:37,,2018/3/20 2:59
999,,,,,D2E88A48CB24B6E06009753632C4A50D,1,0,0,0,2015/12/23 7:37,,2018/3/20 2:59
1000,,,,,BC19CD22920665AA2866CC7A993F6E76,1,0,0,0,2015/12/23 7:37,,2018/3/20 2:59
